#VRML V2.0 utf8
# 3D model generated by easyeda2kicad.py (https://github.com/uPesy/easyeda2kicad.py)

Shape{
    appearance Appearance {
        material  Material 	{
            diffuseColor 0.7529411764705882 0.7529411764705882 0.7529411764705882
            specularColor 0.3764705882352941 0.3764705882352941 0.3764705882352941
            ambientIntensity 0.7529
            transparency 0.0
            shininess 0.5
        }
    }
    geometry IndexedFaceSet {
        ccw TRUE
        solid FALSE
        coord DEF co Coordinate {
            point [
                -0.8858 -0.7677 0.0, -0.8268 -0.87 0.0, -0.8818 -0.7983 0.0, -0.8512 -0.8512 0.0, -0.87 -0.8268 0.0, 0.115 -0.1054 0.0, 0.1229 -0.1065 0.0, -0.0891 -0.8858 0.0, 0.1283 -0.1066 0.0, 0.1398 -0.1054 0.0, 0.8268 -0.87 0.0, 0.7983 -0.8818 0.0, 0.8512 -0.8512 0.0, 0.7677 -0.8858 0.0, 0.87 -0.8268 0.0, 0.8858 -0.1054 0.0, 0.8858 -0.7677 0.0, 0.8818 -0.7983 0.0, -0.0699 -0.0826 0.0, -0.0699 -0.1042 0.0, -0.0891 -0.1054 0.0, 0.0357 -0.1042 0.0, 0.0741 -0.094 0.0, 0.0741 -0.0724 0.0, 0.0357 0.0927 0.0, 0.0951 -0.1026 0.0, -0.8858 -0.1054 0.0, -0.7677 -0.8858 0.0, -0.7983 -0.8818 0.0, 0.3382 -0.1042 0.0, 0.3382 0.0927 0.0, 0.8858 0.7677 0.0, -0.0603 -0.0154 0.0, 0.0093 -0.0154 0.0, 0.0093 -0.0826 0.0, -0.0651 0.071 0.0, -0.0651 0.0927 0.0, -0.0891 0.8858 0.0, -0.0603 0.0062 0.0, 0.0093 0.0062 0.0, 0.0093 0.071 0.0, 0.2102 0.0408 0.0, 0.1986 0.0592 0.0, 0.3118 0.0927 0.0, 0.1396 0.0713 0.0, 0.1543 0.066 0.0, 0.0776 -0.0743 0.0, 0.1679 0.0568 0.0, 0.1798 0.0437 0.0, 0.1941 -0.0079 0.0, 0.1921 -0.0292 0.0, 0.1868 -0.0461 0.0, 0.143 -0.0829 0.0, 0.1246 -0.085 0.0, 0.1573 -0.0777 0.0, 0.1694 -0.0695 0.0, 0.1787 -0.0598 0.0, 0.0985 -0.0821 0.0, 0.8512 0.8512 0.0, 0.8268 0.87 0.0, 0.7983 0.8818 0.0, 0.87 0.8268 0.0, 0.8818 0.7983 0.0, 0.1716 -0.0975 0.0, 0.1874 -0.0874 0.0, 0.2373 -0.1042 0.0, 0.2022 -0.0718 0.0, 0.2373 -0.0826 0.0, 0.2127 -0.0531 0.0, 0.188 0.0285 0.0, 0.1932 0.0074 0.0, 0.1808 0.0763 0.0, 0.7677 0.8858 0.0, 0.1525 -0.1041 0.0, 0.3118 -0.0826 0.0, 0.2186 -0.0323 0.0, 0.2205 -0.0095 0.0, 0.2177 0.0185 0.0, 0.1621 0.0871 0.0, 0.1402 0.0934 0.0, 0.1204 0.0951 0.0, 0.0969 0.0934 0.0, 0.0741 0.0873 0.0, 0.0741 0.0608 0.0, 0.0963 0.0703 0.0, 0.1202 0.0734 0.0, -0.2812 -0.1042 0.0, -0.257 -0.0502 0.0, -0.2457 -0.0679 0.0, -0.2295 -0.0834 0.0, -0.2089 -0.0953 0.0, -0.1862 -0.1021 0.0, -0.1619 -0.1042 0.0, -0.1083 -0.1042 0.0, -0.1083 0.0927 0.0, -0.1639 0.0927 0.0, -0.1923 0.0896 0.0, -0.43 -0.1042 0.0, -0.4588 -0.1042 0.0, -0.382 0.0927 0.0, -0.8858 0.7677 0.0, -0.8818 0.7983 0.0, -0.2154 0.0815 0.0, -0.2368 0.0672 0.0, -0.3556 0.0927 0.0, -0.237 0.067 0.0, -0.2509 0.0515 0.0, -0.2601 0.0346 0.0, -0.87 0.8268 0.0, -0.8512 0.8512 0.0, -0.8268 0.87 0.0, -0.31 -0.1042 0.0, -0.3288 -0.049 0.0, -0.4101 -0.049 0.0, -0.2653 0.0152 0.0, -0.2668 -0.0033 0.0, -0.264 -0.0296 0.0, -0.7677 0.8858 0.0, -0.7983 0.8818 0.0
            ]
        }
        coordIndex [
            0,1,2,-1,2,1,3,-1,2,3,4,-1,5,6,7,-1,7,6,8,-1,7,8,9,-1,10,11,12,-1,12,11,13,-1,12,13,14,-1,9,15,7,-1,7,15,16,-1,7,16,13,-1,13,16,17,-1,13,17,14,-1,18,19,20,-1,20,19,21,-1,22,21,23,-1,23,21,24,-1,22,25,21,-1,21,25,5,-1,21,5,20,-1,20,5,7,-1,20,7,26,-1,26,7,27,-1,26,27,0,-1,0,27,28,-1,0,28,1,-1,29,30,31,-1,32,33,34,-1,35,20,36,-1,36,20,37,-1,36,37,24,-1,34,18,32,-1,32,18,20,-1,32,20,38,-1,38,20,35,-1,38,35,39,-1,39,35,40,-1,41,42,43,-1,44,45,46,-1,46,45,47,-1,46,47,48,-1,49,50,46,-1,46,50,51,-1,52,53,54,-1,54,53,55,-1,51,56,46,-1,46,56,55,-1,46,55,57,-1,57,55,53,-1,58,30,59,-1,59,30,60,-1,58,61,30,-1,30,61,62,-1,30,62,31,-1,63,64,65,-1,65,64,66,-1,65,66,67,-1,67,66,68,-1,48,69,46,-1,46,69,70,-1,46,70,49,-1,42,71,43,-1,43,71,37,-1,43,37,30,-1,30,37,72,-1,30,72,60,-1,31,15,29,-1,29,15,9,-1,29,9,65,-1,65,9,73,-1,65,73,63,-1,43,74,67,-1,68,75,67,-1,67,75,76,-1,67,76,43,-1,43,76,77,-1,43,77,41,-1,71,78,37,-1,37,78,79,-1,37,79,80,-1,80,81,37,-1,37,81,82,-1,37,82,24,-1,24,82,83,-1,24,83,23,-1,23,83,84,-1,23,84,46,-1,46,84,85,-1,46,85,44,-1,86,87,88,-1,88,89,86,-1,86,89,90,-1,86,90,91,-1,92,93,20,-1,20,93,94,-1,20,94,37,-1,37,94,95,-1,37,95,96,-1,97,20,98,-1,98,20,26,-1,98,26,99,-1,99,26,100,-1,99,100,101,-1,102,103,104,-1,103,105,104,-1,104,105,106,-1,104,106,107,-1,101,108,99,-1,99,108,109,-1,99,109,110,-1,91,92,86,-1,86,92,20,-1,86,20,111,-1,111,20,97,-1,111,97,112,-1,112,97,113,-1,107,114,104,-1,104,114,115,-1,104,115,86,-1,86,115,116,-1,86,116,87,-1,96,102,37,-1,37,102,104,-1,37,104,117,-1,117,104,99,-1,117,99,118,-1,118,99,110,-1,
        ]
    }
}
Shape{
    appearance Appearance {
        material  Material 	{
            diffuseColor 0.25098039215686274 0.25098039215686274 0.25098039215686274
            specularColor 0.12549019607843137 0.12549019607843137 0.12549019607843137
            ambientIntensity 0.251
            transparency 0.0
            shininess 0.5
        }
    }
    geometry IndexedFaceSet {
        ccw TRUE
        solid FALSE
        coord DEF co Coordinate {
            point [
                -1.4567 1.2205 0.0118, -1.5748 1.2205 0.0118, -1.2191 1.4465 0.0118, -1.4187 -0.6985 0.0118, -1.4226 -0.689 0.0118, -0.8858 -0.7677 0.0118, -1.2205 1.4567 0.0118, -1.5748 1.5748 0.0118, -1.2205 1.5748 0.0118, -1.4226 1.2008 0.0118, -1.4289 1.2089 0.0118, -1.2089 1.4289 0.0118, 0.6985 1.4187 0.0118, 0.5512 1.4173 0.0118, 0.5614 1.4187 0.0118, -0.5709 1.4226 0.0118, -0.5614 1.4187 0.0118, -0.6808 1.4289 0.0118, -1.437 -0.9002 0.0118, -1.4226 -1.0039 0.0118, -1.4465 -0.9042 0.0118, -1.4289 -0.9958 0.0118, -1.437 -0.9895 0.0118, -1.2152 1.437 0.0118, -1.437 1.2152 0.0118, -1.4465 1.2191 0.0118, -1.2008 1.4226 0.0118, -1.1913 1.4187 0.0118, -1.1811 1.4173 0.0118, -1.1417 1.5748 0.0118, -1.063 1.5748 0.0118, -1.1417 1.4567 0.0118, -1.063 1.4567 0.0118, -1.1431 1.4465 0.0118, -1.147 1.437 0.0118, 1.4226 -0.8465 0.0118, 1.4187 -0.856 0.0118, 0.8858 -0.7677 0.0118, -1.1709 1.4187 0.0118, -1.1614 1.4226 0.0118, -1.1533 1.4289 0.0118, 0.5709 1.4226 0.0118, 0.579 1.4289 0.0118, 0.689 1.4226 0.0118, 0.6746 1.437 0.0118, 0.6808 1.4289 0.0118, 0.5892 1.4465 0.0118, 0.7189 1.4187 0.0118, 0.8268 1.4567 0.0118, 0.8281 1.4465 0.0118, 0.2559 1.4226 0.0118, 0.2641 1.4289 0.0118, 0.3835 1.4187 0.0118, -1.437 0.9895 0.0118, -1.4226 0.8858 0.0118, -1.4465 0.9856 0.0118, -1.4289 0.894 0.0118, -1.437 0.9002 0.0118, -0.5512 1.4173 0.0118, -0.832 1.437 0.0118, -0.8281 1.4465 0.0118, -0.7428 1.437 0.0118, -1.4567 -0.9843 0.0118, -1.5748 -0.9843 0.0118, -1.5748 -0.9055 0.0118, -1.4289 -0.894 0.0118, -1.4226 -0.8858 0.0118, -1.4187 -0.8763 0.0118, -1.4173 -0.8661 0.0118, -1.4187 -0.856 0.0118, -1.4226 -0.8465 0.0118, -1.4289 -0.8383 0.0118, -1.437 -0.832 0.0118, -1.4465 -0.7467 0.0118, -1.437 -0.7428 0.0118, -1.4289 -0.7365 0.0118, -1.437 -0.6746 0.0118, -1.4465 -0.6706 0.0118, -1.4289 -0.579 0.0118, -1.437 0.2021 0.0118, -1.4289 0.2084 0.0118, -1.4226 0.0984 0.0118, 0.7283 1.4226 0.0118, 0.7365 1.4289 0.0118, 0.7428 1.437 0.0118, -0.7189 1.4187 0.0118, -0.7283 1.4226 0.0118, -0.7365 1.4289 0.0118, -0.5853 1.437 0.0118, -0.579 1.4289 0.0118, -0.6706 1.4465 0.0118, -1.437 1.0577 0.0118, -1.4465 1.1431 0.0118, -1.4289 1.0515 0.0118, -1.437 1.147 0.0118, -1.4226 1.0433 0.0118, -1.0515 1.4289 0.0118, -0.8858 1.4226 0.0118, -0.9958 1.4289 0.0118, -0.894 1.4289 0.0118, -0.9895 1.437 0.0118, -0.9856 1.4465 0.0118, -1.4465 -0.9856 0.0118, -1.4567 -0.9055 0.0118, -1.4226 -0.7283 0.0118, -1.4187 -0.7189 0.0118, -1.4173 -0.7087 0.0118, -1.4289 -0.6808 0.0118, -1.437 -0.0446 0.0118, -0.8858 0.7677 0.0118, -1.4289 -0.0509 0.0118, -1.4226 -0.0591 0.0118, -1.4226 0.2165 0.0118, -1.4187 0.226 0.0118, -1.4289 0.2641 0.0118, -1.437 0.2703 0.0118, -1.4289 0.3659 0.0118, -1.4465 0.2742 0.0118, 0.5853 1.437 0.0118, 0.832 1.437 0.0118, 0.8383 1.4289 0.0118, 0.7087 1.4173 0.0118, 0.894 1.4289 0.0118, 1.4187 1.1913 0.0118, 0.8858 1.4226 0.0118, 0.8763 1.4187 0.0118, 0.9042 1.4465 0.0118, 0.9958 1.4289 0.0118, 0.9002 1.437 0.0118, 0.0394 1.4567 0.0118, -0.0509 1.4289 0.0118, -0.0446 1.437 0.0118, -0.2756 1.4567 0.0118, -0.3659 1.4289 0.0118, -0.3596 1.437 0.0118, -0.3543 1.5748 0.0118, -0.2756 1.5748 0.0118, -0.3543 1.4567 0.0118, -0.3557 1.4465 0.0118, -1.5748 0.8268 0.0118, -1.4567 0.8268 0.0118, -1.4567 0.9055 0.0118, -1.5748 0.9055 0.0118, -1.5748 0.9843 0.0118, -0.7087 1.4173 0.0118, -0.6985 1.4187 0.0118, -0.689 1.4226 0.0118, -0.541 1.4187 0.0118, -0.5315 1.4226 0.0118, -0.4331 1.4567 0.0118, -0.5233 1.4289 0.0118, -0.5171 1.437 0.0118, -1.4567 1.063 0.0118, -1.5748 1.063 0.0118, -1.5748 1.1417 0.0118, -1.0433 1.4226 0.0118, -1.0338 1.4187 0.0118, -1.0236 1.4173 0.0118, -1.4567 -0.8268 0.0118, -1.5748 -0.8268 0.0118, -1.5748 -0.748 0.0118, -1.4226 0.5709 0.0118, -1.4289 0.579 0.0118, -1.4289 0.6808 0.0118, -1.437 0.5853 0.0118, -1.4465 0.5892 0.0118, -1.4567 0.5906 0.0118, -1.5748 0.5906 0.0118, -1.5748 0.6693 0.0118, 0.1066 1.4289 0.0118, 0.2021 1.437 0.0118, 0.2084 1.4289 0.0118, 0.2742 1.4465 0.0118, 0.3596 1.437 0.0118, 0.3659 1.4289 0.0118, 1.4465 1.1431 0.0118, 1.437 1.0577 0.0118, 1.437 1.147 0.0118, 1.4289 1.1533 0.0118, 0.2464 1.4187 0.0118, 1.4187 1.0338 0.0118, 0.2362 1.4173 0.0118, 0.3937 1.4173 0.0118, 0.4039 1.4187 0.0118, 0.4134 1.4226 0.0118, -0.2742 1.4465 0.0118, -0.3835 1.4187 0.0118, -0.374 1.4226 0.0118, -0.2362 1.4173 0.0118, -0.226 1.4187 0.0118, 1.4187 0.8763 0.0118, -0.2165 1.4226 0.0118, -0.2084 1.4289 0.0118, -1.4465 0.9042 0.0118, -1.4567 0.9843 0.0118, -1.4187 1.0134 0.0118, -1.4226 1.0039 0.0118, -1.4289 0.9958 0.0118, -0.6746 1.437 0.0118, -1.4465 1.0617 0.0118, -1.4567 1.1417 0.0118, -0.856 1.4187 0.0118, -0.8465 1.4226 0.0118, -0.8383 1.4289 0.0118, -0.9843 1.4567 0.0118, -0.9843 1.5748 0.0118, -0.9055 1.5748 0.0118, -1.4465 -0.8281 0.0118, -1.4567 -0.748 0.0118, -1.4567 -0.6693 0.0118, -1.5748 -0.6693 0.0118, -1.5748 -0.5906 0.0118, -1.4226 -0.5709 0.0118, -1.4465 -0.2742 0.0118, -1.437 -0.2703 0.0118, -1.437 -0.3596 0.0118, -1.4289 -0.2641 0.0118, -1.4289 -0.3659 0.0118, -1.4289 -0.2084 0.0118, -1.437 -0.2021 0.0118, -1.4289 -0.1066 0.0118, -1.4465 -0.1982 0.0118, -1.4226 -0.0984 0.0118, -1.4465 0.1982 0.0118, -1.4289 0.1066 0.0118, -1.437 0.1128 0.0118, -1.4173 0.2362 0.0118, -1.4187 0.2464 0.0118, -1.4226 0.2559 0.0118, -1.4567 0.6693 0.0118, -1.4465 0.6706 0.0118, -1.437 0.6746 0.0118, -1.4289 0.7365 0.0118, -1.437 0.7428 0.0118, -1.4465 0.7467 0.0118, -1.4567 0.748 0.0118, -1.5748 0.748 0.0118, 0.748 1.5748 0.0118, 0.8268 1.5748 0.0118, 0.748 1.4567 0.0118, 0.7467 1.4465 0.0118, 0.9055 1.4567 0.0118, 0.9055 1.5748 0.0118, 0.9843 1.5748 0.0118, 1.0039 1.4226 0.0118, 1.0134 1.4187 0.0118, 1.0236 1.4173 0.0118, 1.0338 1.4187 0.0118, 1.0433 1.4226 0.0118, 1.0515 1.4289 0.0118, 0.0889 1.4187 0.0118, 0.0984 1.4226 0.0118, 0.226 1.4187 0.0118, 0.2165 1.4226 0.0118, 0.0407 1.4465 0.0118, -0.0686 1.4187 0.0118, -0.0591 1.4226 0.0118, 0.0446 1.437 0.0118, 0.0509 1.4289 0.0118, -0.0787 1.4173 0.0118, 0.0591 1.4226 0.0118, 0.0686 1.4187 0.0118, 0.2703 1.437 0.0118, 0.374 1.4226 0.0118, -0.2703 1.437 0.0118, -0.2641 1.4289 0.0118, -0.3937 1.4173 0.0118, -0.2559 1.4226 0.0118, -0.2464 1.4187 0.0118, 1.4465 0.9856 0.0118, 1.437 0.9002 0.0118, 1.437 0.9895 0.0118, 1.4289 0.9958 0.0118, -1.4465 0.8281 0.0118, -1.437 0.832 0.0118, -1.4289 0.8383 0.0118, 1.4289 0.6808 0.0118, 1.437 0.6746 0.0118, 1.437 0.5853 0.0118, 1.4465 0.6706 0.0118, 1.4465 -0.9042 0.0118, 1.437 -0.9895 0.0118, 1.437 -0.9002 0.0118, 1.4289 -0.894 0.0118, 0.8818 -0.7983 0.0118, 1.4187 -1.1709 0.0118, -0.7677 -0.8858 0.0118, 0.7677 -0.8858 0.0118, -0.5118 1.5748 0.0118, -0.4331 1.5748 0.0118, -0.5118 1.4567 0.0118, -0.5132 1.4465 0.0118, -1.4289 1.1533 0.0118, -1.4226 1.1614 0.0118, -1.4187 1.1709 0.0118, -1.0617 1.4465 0.0118, -1.0577 1.437 0.0118, -1.4187 1.1913 0.0118, -1.4173 1.1811 0.0118, -0.8661 1.4173 0.0118, -1.4187 1.0338 0.0118, -1.4173 1.0236 0.0118, -0.8268 1.5748 0.0118, -0.748 1.5748 0.0118, -0.8268 1.4567 0.0118, -0.748 1.4567 0.0118, -0.7467 1.4465 0.0118, -0.9055 1.4567 0.0118, -0.9042 1.4465 0.0118, -0.9002 1.437 0.0118, -1.4567 -0.5906 0.0118, -1.4465 -0.5892 0.0118, -1.437 -0.5853 0.0118, -1.4187 -0.2464 0.0118, -1.4226 -0.2559 0.0118, -1.4226 0.0591 0.0118, -1.4187 0.0686 0.0118, -1.4173 0.0787 0.0118, -1.4187 0.0889 0.0118, -1.437 0.5171 0.0118, -1.4226 0.4134 0.0118, -1.4289 0.4215 0.0118, -1.4567 0.4331 0.0118, -1.5748 0.4331 0.0118, -1.5748 0.5118 0.0118, 0.5906 1.5748 0.0118, 0.6693 1.5748 0.0118, 0.5906 1.4567 0.0118, 0.6693 1.4567 0.0118, 0.6706 1.4465 0.0118, 0.8465 1.4226 0.0118, 0.856 1.4187 0.0118, 0.8661 1.4173 0.0118, 0.9843 1.4567 0.0118, 0.9856 1.4465 0.0118, 0.9895 1.437 0.0118, 0.0787 1.4173 0.0118, -0.0394 1.5748 0.0118, 0.0394 1.5748 0.0118, -0.0394 1.4567 0.0118, -0.0407 1.4465 0.0118, 1.5748 1.1417 0.0118, 1.5748 1.063 0.0118, 1.4567 1.1417 0.0118, 1.4567 1.063 0.0118, 1.4465 1.0617 0.0118, 0.5132 1.4465 0.0118, 0.5171 1.437 0.0118, 0.4215 1.4289 0.0118, 0.5233 1.4289 0.0118, 0.5315 1.4226 0.0118, -0.1982 1.4465 0.0118, -0.1066 1.4289 0.0118, -0.2021 1.437 0.0118, 1.437 0.7428 0.0118, 1.4289 0.7365 0.0118, 1.4465 0.8281 0.0118, 1.4226 0.7283 0.0118, 1.4187 0.7189 0.0118, 1.4226 0.2559 0.0118, 1.4187 0.2464 0.0118, 1.4226 0.374 0.0118, 1.4173 -0.8661 0.0118, 1.4187 -0.8763 0.0118, 1.4226 -0.8858 0.0118, 1.4465 -1.0617 0.0118, 1.437 -1.147 0.0118, 1.437 -1.0577 0.0118, 1.4289 -1.0515 0.0118, 0.7189 -1.4187 0.0118, 0.7087 -1.4173 0.0118, -0.8763 1.4187 0.0118, -1.0039 1.4226 0.0118, -1.0134 1.4187 0.0118, -1.4567 -0.5118 0.0118, -1.5748 -0.5118 0.0118, -1.5748 -0.4331 0.0118, -1.4226 -0.4134 0.0118, -1.4187 -0.4039 0.0118, -1.4187 -0.0889 0.0118, -1.4173 -0.0787 0.0118, -1.4187 -0.0686 0.0118, -1.4567 0.1181 0.0118, -1.5748 0.1181 0.0118, -1.5748 0.1969 0.0118, -1.4567 0.2756 0.0118, -1.5748 0.2756 0.0118, -1.5748 0.3543 0.0118, -1.437 0.4278 0.0118, -1.4465 0.4317 0.0118, -1.4465 0.5132 0.0118, -1.4567 0.5118 0.0118, 1.063 1.4567 0.0118, 1.063 1.5748 0.0118, 1.1417 1.5748 0.0118, 1.1709 1.4187 0.0118, 1.1614 1.4226 0.0118, 1.1533 1.4289 0.0118, 1.0577 1.437 0.0118, 1.0617 1.4465 0.0118, 1.2191 1.4465 0.0118, 1.2205 1.4567 0.0118, 1.437 1.2152 0.0118, 1.2205 1.5748 0.0118, 1.4465 1.2191 0.0118, 0.2756 1.5748 0.0118, 0.3543 1.5748 0.0118, 0.2756 1.4567 0.0118, 0.3543 1.4567 0.0118, 0.3557 1.4465 0.0118, 1.5748 0.9843 0.0118, 1.5748 0.9055 0.0118, 1.4567 0.9843 0.0118, 1.4567 0.9055 0.0118, 1.4465 0.9042 0.0118, 0.87 0.8268 0.0118, 0.8512 0.8512 0.0118, 0.8268 0.87 0.0118, 0.7983 0.8818 0.0118, 1.4187 0.5614 0.0118, 1.4173 0.5512 0.0118, 0.8858 0.7677 0.0118, 1.4187 0.541 0.0118, 1.4187 0.3835 0.0118, 1.4187 0.226 0.0118, 1.4226 0.2165 0.0118, 1.4187 0.0889 0.0118, 1.4187 0.0686 0.0118, 1.4226 0.0591 0.0118, 1.4187 -0.0686 0.0118, 1.4226 -0.2165 0.0118, 1.4187 -0.226 0.0118, 1.4226 -0.0984 0.0118, 1.5748 -0.9055 0.0118, 1.5748 -0.9843 0.0118, 1.4567 -0.9055 0.0118, 1.4567 -0.9843 0.0118, 1.4465 -0.9856 0.0118, 1.4465 -1.2191 0.0118, 1.2205 -1.5748 0.0118, 1.2205 -1.4567 0.0118, 1.2191 -1.4465 0.0118, 1.2152 -1.437 0.0118, 1.437 -1.2152 0.0118, 1.5748 -1.5748 0.0118, 1.4567 -1.2205 0.0118, 1.5748 -1.2205 0.0118, 0.5512 -1.4173 0.0118, 0.541 -1.4187 0.0118, 0.4039 -1.4187 0.0118, -0.6693 1.5748 0.0118, -0.5906 1.5748 0.0118, -0.6693 1.4567 0.0118, -0.5906 1.4567 0.0118, -0.5892 1.4465 0.0118, -1.4289 -0.5233 0.0118, -1.437 -0.5171 0.0118, -1.437 -0.4278 0.0118, -1.4465 -0.5132 0.0118, -1.4465 -0.4317 0.0118, -1.4567 -0.4331 0.0118, -1.4567 -0.0394 0.0118, -1.5748 -0.0394 0.0118, -1.5748 0.0394 0.0118, -1.4465 0.1168 0.0118, -1.4567 0.1969 0.0118, -1.4567 0.3543 0.0118, -1.4465 0.3557 0.0118, -1.437 0.3596 0.0118, -1.4226 0.374 0.0118, -1.4187 0.3835 0.0118, -1.4173 0.3937 0.0118, 1.1417 1.4567 0.0118, 1.1431 1.4465 0.0118, 1.147 1.437 0.0118, 1.4567 1.2205 0.0118, 1.5748 1.5748 0.0118, 1.5748 1.2205 0.0118, 0.1181 1.4567 0.0118, 0.1181 1.5748 0.0118, 0.1969 1.5748 0.0118, 0.541 1.4187 0.0118, 1.4173 1.1811 0.0118, 1.4187 1.1709 0.0118, -0.0889 1.4187 0.0118, 1.4173 1.0236 0.0118, 1.4187 1.0134 0.0118, 1.4226 0.8858 0.0118, -0.0984 1.4226 0.0118, -0.4215 1.4289 0.0118, -0.7983 0.8818 0.0118, -0.8268 0.87 0.0118, 1.5748 0.8268 0.0118, 1.5748 0.748 0.0118, 1.4567 0.8268 0.0118, 1.4567 0.748 0.0118, 1.4465 0.7467 0.0118, 0.8818 0.7983 0.0118, 1.4173 0.7087 0.0118, 1.4187 0.6985 0.0118, 1.4465 0.5132 0.0118, 1.437 0.4278 0.0118, 1.437 0.5171 0.0118, 1.4289 0.5233 0.0118, 1.4226 0.4134 0.0118, 1.4289 0.4215 0.0118, 1.4226 0.5315 0.0118, 1.4465 0.2742 0.0118, 1.437 0.2703 0.0118, 1.437 0.3596 0.0118, 1.5748 -1.063 0.0118, 1.5748 -1.1417 0.0118, 1.4567 -1.063 0.0118, 1.4567 -1.1417 0.0118, 1.4465 -1.1431 0.0118, 1.0433 -1.4226 0.0118, 1.1533 -1.4289 0.0118, 1.0515 -1.4289 0.0118, 1.147 -1.437 0.0118, 1.1431 -1.4465 0.0118, 0.6985 -1.4187 0.0118, 0.5614 -1.4187 0.0118, 0.2362 -1.4173 0.0118, 0.226 -1.4187 0.0118, -1.4567 -0.3543 0.0118, -1.5748 -0.3543 0.0118, -1.5748 -0.2756 0.0118, -1.4173 -0.2362 0.0118, -1.4187 -0.226 0.0118, -1.4226 -0.2165 0.0118, -1.4567 -0.1969 0.0118, -1.5748 -0.1969 0.0118, -1.5748 -0.1181 0.0118, -1.4567 0.0394 0.0118, -1.4465 0.0407 0.0118, -1.4465 -0.0407 0.0118, -1.437 0.0446 0.0118, -1.4289 0.0509 0.0118, -1.4187 0.4039 0.0118, -1.4289 0.5233 0.0118, -1.4226 0.5315 0.0118, -1.4187 0.541 0.0118, -1.4173 0.5512 0.0118, -1.4187 0.6985 0.0118, -1.4173 0.7087 0.0118, 1.1811 1.4173 0.0118, 1.1913 1.4187 0.0118, 1.4226 1.2008 0.0118, 1.2008 1.4226 0.0118, 1.4289 1.2089 0.0118, 1.2089 1.4289 0.0118, 1.2152 1.437 0.0118, 0.1128 1.437 0.0118, 0.1168 1.4465 0.0118, 0.1982 1.4465 0.0118, 0.1969 1.4567 0.0118, 1.4226 1.0433 0.0118, 1.4289 1.0515 0.0118, 1.4226 1.1614 0.0118, -0.1969 1.4567 0.0118, -0.1969 1.5748 0.0118, -0.1181 1.5748 0.0118, 1.4289 0.894 0.0118, 1.4226 1.0039 0.0118, -0.4039 1.4187 0.0118, 1.4173 0.8661 0.0118, 1.4187 0.856 0.0118, 1.4226 0.8465 0.0118, 1.4289 0.8383 0.0118, 1.437 0.832 0.0118, 1.5748 0.6693 0.0118, 1.5748 0.5906 0.0118, 1.4567 0.6693 0.0118, 1.4567 0.5906 0.0118, 1.4465 0.5892 0.0118, 1.4226 0.5709 0.0118, 1.4289 0.579 0.0118, 1.4226 0.689 0.0118, 1.4187 0.4039 0.0118, 1.4173 0.3937 0.0118, 1.4289 0.3659 0.0118, 1.4173 0.2362 0.0118, 1.4173 0.0787 0.0118, 1.4187 -0.2464 0.0118, 1.4226 -0.2559 0.0118, 1.4187 -0.3835 0.0118, 1.4226 -0.5709 0.0118, 1.4289 -0.579 0.0118, 1.437 -0.6746 0.0118, 1.437 -0.5853 0.0118, 1.4465 -0.5892 0.0118, 1.4187 -0.541 0.0118, 1.4173 -0.5512 0.0118, 1.4289 -0.9958 0.0118, 1.4226 -1.0039 0.0118, 0.87 -0.8268 0.0118, 1.4187 -1.0134 0.0118, 0.8512 -0.8512 0.0118, 1.4173 -1.0236 0.0118, 1.4187 -1.0338 0.0118, 0.8858 -1.4226 0.0118, 0.9958 -1.4289 0.0118, 0.894 -1.4289 0.0118, 0.9895 -1.437 0.0118, 0.9856 -1.4465 0.0118, 0.579 -1.4289 0.0118, 0.6808 -1.4289 0.0118, 0.5853 -1.437 0.0118, 0.6746 -1.437 0.0118, 0.6706 -1.4465 0.0118, 0.689 -1.4226 0.0118, 0.5709 -1.4226 0.0118, -0.2362 -1.4173 0.0118, -0.2464 -1.4187 0.0118, -0.541 -1.4187 0.0118, -0.5512 -1.4173 0.0118, -0.8858 -1.4226 0.0118, -0.894 -1.4289 0.0118, -1.4187 -0.5614 0.0118, -1.4173 -0.5512 0.0118, -1.4187 -0.541 0.0118, -1.4465 -0.3557 0.0118, -1.4567 -0.2756 0.0118, -1.4567 -0.1181 0.0118, -1.4465 -0.1168 0.0118, -1.437 -0.1128 0.0118, -1.4226 0.689 0.0118, -1.4187 0.5614 0.0118, -1.4187 0.7189 0.0118, -1.4226 0.7283 0.0118, 0.4331 1.5748 0.0118, 0.5118 1.5748 0.0118, 0.4331 1.4567 0.0118, 0.5118 1.4567 0.0118, 0.4317 1.4465 0.0118, 0.4278 1.437 0.0118, -0.1181 1.4567 0.0118, -0.1168 1.4465 0.0118, -0.1128 1.437 0.0118, 1.5748 0.5118 0.0118, 1.5748 0.4331 0.0118, 1.4567 0.5118 0.0118, 1.4567 0.4331 0.0118, 1.4465 0.4317 0.0118, 1.4289 0.2641 0.0118, 1.4289 0.2084 0.0118, 1.437 0.2021 0.0118, 1.4226 0.0984 0.0118, 1.4289 0.1066 0.0118, 1.4173 -0.0787 0.0118, 1.4187 -0.0889 0.0118, 1.4187 -0.5614 0.0118, 1.4289 -0.6808 0.0118, 1.4226 -0.689 0.0118, 1.4187 -0.6985 0.0118, 1.4173 -0.7087 0.0118, 1.4187 -0.7189 0.0118, 0.7983 -0.8818 0.0118, 0.8268 -0.87 0.0118, 1.4226 -1.1614 0.0118, 1.4289 -1.1533 0.0118, 1.4226 -1.0433 0.0118, 1.1913 -1.4187 0.0118, 1.4187 -1.1913 0.0118, 1.4226 -1.2008 0.0118, 1.1811 -1.4173 0.0118, 1.4173 -1.1811 0.0118, 0.8281 -1.4465 0.0118, 0.7428 -1.437 0.0118, 0.7365 -1.4289 0.0118, 1.1417 -1.4567 0.0118, 1.1417 -1.5748 0.0118, 1.063 -1.5748 0.0118, 0.4215 -1.4289 0.0118, 0.5233 -1.4289 0.0118, 0.4278 -1.437 0.0118, 0.5171 -1.437 0.0118, 0.5132 -1.4465 0.0118, 0.5315 -1.4226 0.0118, 0.4134 -1.4226 0.0118, 0.2464 -1.4187 0.0118, -0.5614 -1.4187 0.0118, -0.5709 -1.4226 0.0118, -0.579 -1.4289 0.0118, -0.7189 -1.4187 0.0118, -0.7087 -1.4173 0.0118, -0.6985 -1.4187 0.0118, -1.4289 -0.4215 0.0118, -1.4226 -0.5315 0.0118, -1.4173 -0.3937 0.0118, -1.4187 -0.3835 0.0118, -1.4226 -0.374 0.0118, -0.4317 1.4465 0.0118, -0.4278 1.437 0.0118, -1.4226 0.8465 0.0118, -1.4187 0.856 0.0118, -0.8818 0.7983 0.0118, -1.4173 0.8661 0.0118, 1.4289 0.0509 0.0118, 1.437 0.0446 0.0118, 1.4226 -0.0591 0.0118, 1.4289 -0.0509 0.0118, 1.4289 -0.1066 0.0118, 1.437 -0.1128 0.0118, 1.437 -0.2021 0.0118, 1.4465 -0.1168 0.0118, 1.4289 -0.2084 0.0118, 1.4173 -0.2362 0.0118, 1.4567 -0.748 0.0118, 1.5748 -0.748 0.0118, 1.5748 -0.8268 0.0118, 1.4289 -0.8383 0.0118, 1.437 -0.832 0.0118, 1.4226 -0.7283 0.0118, 1.4289 -0.7365 0.0118, 1.0236 -1.4173 0.0118, 1.0134 -1.4187 0.0118, 0.8383 -1.4289 0.0118, 0.832 -1.437 0.0118, 0.7283 -1.4226 0.0118, 0.9843 -1.4567 0.0118, 0.9843 -1.5748 0.0118, 0.9055 -1.5748 0.0118, 1.063 -1.4567 0.0118, 1.0617 -1.4465 0.0118, 1.0577 -1.437 0.0118, 0.2703 -1.437 0.0118, 0.2641 -1.4289 0.0118, 0.3557 -1.4465 0.0118, -0.5853 -1.437 0.0118, -0.5892 -1.4465 0.0118, -0.6746 -1.437 0.0118, -1.4187 0.8763 0.0118, -0.87 0.8268 0.0118, -0.8512 0.8512 0.0118, -0.7677 0.8858 0.0118, -0.4134 1.4226 0.0118, 1.437 -0.3596 0.0118, 1.4289 -0.2641 0.0118, 1.4289 -0.3659 0.0118, 1.4226 -0.374 0.0118, 1.437 -0.5171 0.0118, 1.4289 -0.5233 0.0118, 1.4465 -0.4317 0.0118, 1.4226 -0.5315 0.0118, 1.5748 -0.5906 0.0118, 1.5748 -0.6693 0.0118, 1.4567 -0.5906 0.0118, 1.4567 -0.6693 0.0118, 1.4465 -0.6706 0.0118, 1.437 -0.7428 0.0118, 1.4465 -0.7467 0.0118, 1.4465 -0.8281 0.0118, 1.4567 -0.8268 0.0118, 1.4289 -1.2089 0.0118, 1.2089 -1.4289 0.0118, 1.2008 -1.4226 0.0118, 0.9055 -1.4567 0.0118, 0.9042 -1.4465 0.0118, 0.9002 -1.437 0.0118, 0.6693 -1.5748 0.0118, 0.5906 -1.5748 0.0118, 0.6693 -1.4567 0.0118, 0.5906 -1.4567 0.0118, 0.5892 -1.4465 0.0118, 0.3937 -1.4173 0.0118, 0.3835 -1.4187 0.0118, 0.374 -1.4226 0.0118, 0.3659 -1.4289 0.0118, 0.3596 -1.437 0.0118, 0.2559 -1.4226 0.0118, 0.0889 -1.4187 0.0118, 0.0787 -1.4173 0.0118, -0.3835 -1.4187 0.0118, -0.3937 -1.4173 0.0118, -0.8281 -1.4465 0.0118, -0.7365 -1.4289 0.0118, -0.7428 -1.437 0.0118, -0.8383 -1.4289 0.0118, -0.832 -1.437 0.0118, -0.7283 -1.4226 0.0118, 1.4567 0.3543 0.0118, 1.5748 0.3543 0.0118, 1.5748 0.2756 0.0118, 1.4173 -0.3937 0.0118, 1.4187 -0.4039 0.0118, 1.4226 -0.4134 0.0118, 1.4289 -0.4215 0.0118, 1.437 -0.4278 0.0118, 1.0338 -1.4187 0.0118, 1.1614 -1.4226 0.0118, 1.1709 -1.4187 0.0118, 0.8763 -1.4187 0.0118, 0.8661 -1.4173 0.0118, 1.0039 -1.4226 0.0118, 0.8268 -1.5748 0.0118, 0.748 -1.5748 0.0118, 0.8268 -1.4567 0.0118, 0.748 -1.4567 0.0118, 0.7467 -1.4465 0.0118, -0.374 -1.4226 0.0118, -0.3659 -1.4289 0.0118, -0.2559 -1.4226 0.0118, -0.2641 -1.4289 0.0118, -0.4039 -1.4187 0.0118, -0.4134 -1.4226 0.0118, -0.4215 -1.4289 0.0118, -0.6808 -1.4289 0.0118, -0.689 -1.4226 0.0118, -0.8763 -1.4187 0.0118, 0.7677 0.8858 0.0118, 1.4465 0.3557 0.0118, 1.4567 0.2756 0.0118, 1.5748 0.1969 0.0118, 1.5748 0.1181 0.0118, 1.4567 0.1969 0.0118, 1.4567 0.1181 0.0118, 1.4465 0.1982 0.0118, 1.4465 0.1168 0.0118, 1.437 0.1128 0.0118, 1.5748 0.0394 0.0118, 1.5748 -0.0394 0.0118, 1.4567 0.0394 0.0118, 1.4567 -0.0394 0.0118, 1.4465 0.0407 0.0118, 1.4465 -0.0407 0.0118, 1.437 -0.0446 0.0118, 1.5748 -0.4331 0.0118, 1.5748 -0.5118 0.0118, 1.4567 -0.4331 0.0118, 1.4567 -0.5118 0.0118, 1.4465 -0.5132 0.0118, 0.856 -1.4187 0.0118, 0.8465 -1.4226 0.0118, 0.5118 -1.5748 0.0118, 0.4331 -1.5748 0.0118, 0.5118 -1.4567 0.0118, 0.4331 -1.4567 0.0118, 0.4317 -1.4465 0.0118, 0.0984 -1.4226 0.0118, 0.2084 -1.4289 0.0118, 0.1066 -1.4289 0.0118, 0.2021 -1.437 0.0118, 0.1982 -1.4465 0.0118, 0.2165 -1.4226 0.0118, -0.2703 -1.437 0.0118, -0.2742 -1.4465 0.0118, -0.3596 -1.437 0.0118, -0.87 -0.8268 0.0118, -0.8512 -0.8512 0.0118, -0.8268 -0.87 0.0118, -0.7983 -0.8818 0.0118, -0.8465 -1.4226 0.0118, -0.856 -1.4187 0.0118, -0.8661 -1.4173 0.0118, -0.9055 -1.4567 0.0118, -0.9055 -1.5748 0.0118, -0.9843 -1.5748 0.0118, -1.0134 -1.4187 0.0118, -1.0039 -1.4226 0.0118, -0.9958 -1.4289 0.0118, -0.9002 -1.437 0.0118, -0.9042 -1.4465 0.0118, -1.0617 -1.4465 0.0118, -1.1533 -1.4289 0.0118, -1.0577 -1.437 0.0118, -1.0515 -1.4289 0.0118, 1.5748 -0.1181 0.0118, 1.5748 -0.1969 0.0118, 1.4567 -0.1181 0.0118, 1.4567 -0.1969 0.0118, 1.4465 -0.1982 0.0118, 1.4567 -0.2756 0.0118, 1.5748 -0.2756 0.0118, 1.5748 -0.3543 0.0118, 0.0686 -1.4187 0.0118, 0.0591 -1.4226 0.0118, 0.0509 -1.4289 0.0118, -0.5171 -1.437 0.0118, -0.4278 -1.437 0.0118, -0.4317 -1.4465 0.0118, -0.5906 -1.5748 0.0118, -0.6693 -1.5748 0.0118, -0.5906 -1.4567 0.0118, -0.6693 -1.4567 0.0118, -0.6706 -1.4465 0.0118, -0.748 -1.4567 0.0118, -0.748 -1.5748 0.0118, -0.8268 -1.5748 0.0118, -0.8818 -0.7983 0.0118, -0.9843 -1.4567 0.0118, -0.9856 -1.4465 0.0118, -0.9895 -1.437 0.0118, -1.0236 -1.4173 0.0118, -1.0338 -1.4187 0.0118, -1.4187 -1.0134 0.0118, -1.4173 -1.0236 0.0118, -1.4289 -1.1533 0.0118, -1.437 -1.147 0.0118, -1.4465 -1.0617 0.0118, -1.1614 -1.4226 0.0118, -1.1709 -1.4187 0.0118, -1.4289 -1.0515 0.0118, 1.437 -0.2703 0.0118, 1.4465 -0.2742 0.0118, 1.4465 -0.3557 0.0118, 1.4567 -0.3543 0.0118, 0.3543 -1.5748 0.0118, 0.2756 -1.5748 0.0118, 0.3543 -1.4567 0.0118, 0.2756 -1.4567 0.0118, 0.2742 -1.4465 0.0118, -0.0984 -1.4226 0.0118, -0.2084 -1.4289 0.0118, -0.0889 -1.4187 0.0118, -0.2165 -1.4226 0.0118, -0.226 -1.4187 0.0118, -0.5233 -1.4289 0.0118, -0.5315 -1.4226 0.0118, -0.7467 -1.4465 0.0118, -0.8268 -1.4567 0.0118, -1.063 -1.4567 0.0118, -1.063 -1.5748 0.0118, -1.1417 -1.5748 0.0118, -1.2152 -1.437 0.0118, -1.2191 -1.4465 0.0118, -1.437 -1.2152 0.0118, -1.4465 -1.2191 0.0118, -1.2205 -1.4567 0.0118, -1.2205 -1.5748 0.0118, -1.4567 -1.2205 0.0118, -1.5748 -1.5748 0.0118, -1.5748 -1.2205 0.0118, 0.1969 -1.4567 0.0118, 0.1969 -1.5748 0.0118, 0.1181 -1.5748 0.0118, -0.0509 -1.4289 0.0118, -0.0446 -1.437 0.0118, 0.0446 -1.437 0.0118, -0.0407 -1.4465 0.0118, -0.0591 -1.4226 0.0118, -0.0686 -1.4187 0.0118, -0.0787 -1.4173 0.0118, -1.1417 -1.4567 0.0118, -1.1431 -1.4465 0.0118, -1.147 -1.437 0.0118, -1.0433 -1.4226 0.0118, -1.4226 -1.0433 0.0118, -1.4187 -1.0338 0.0118, 0.1181 -1.4567 0.0118, 0.1168 -1.4465 0.0118, 0.1128 -1.437 0.0118, -0.2756 -1.5748 0.0118, -0.3543 -1.5748 0.0118, -0.2756 -1.4567 0.0118, -0.3543 -1.4567 0.0118, -0.3557 -1.4465 0.0118, -1.4567 -1.1417 0.0118, -1.5748 -1.1417 0.0118, -1.5748 -1.063 0.0118, -0.4331 -1.5748 0.0118, -0.5118 -1.5748 0.0118, -0.4331 -1.4567 0.0118, -0.5118 -1.4567 0.0118, -0.5132 -1.4465 0.0118, -1.4465 -1.1431 0.0118, -1.4567 -1.063 0.0118, -1.1913 -1.4187 0.0118, -1.4173 -1.1811 0.0118, -1.4187 -1.1709 0.0118, -1.2089 -1.4289 0.0118, -1.4289 -1.2089 0.0118, -1.2008 -1.4226 0.0118, -1.4226 -1.2008 0.0118, -1.4187 -1.1913 0.0118, -1.1811 -1.4173 0.0118, -1.437 -1.0577 0.0118, -1.4226 -1.1614 0.0118, 0.0394 -1.4567 0.0118, 0.0394 -1.5748 0.0118, -0.0394 -1.5748 0.0118, -0.1181 -1.4567 0.0118, -0.1181 -1.5748 0.0118, -0.1969 -1.5748 0.0118, 0.0407 -1.4465 0.0118, -0.0394 -1.4567 0.0118, -0.1066 -1.4289 0.0118, -0.1128 -1.437 0.0118, -0.2021 -1.437 0.0118, -0.1168 -1.4465 0.0118, -0.1982 -1.4465 0.0118, -0.1969 -1.4567 0.0118, 1.5748 -0.8268 0.0827, 1.5748 -1.5748 0.3661, 1.5748 -1.2205 0.0827, 1.5748 -1.1417 0.0827, 1.5748 -1.063 0.0827, 1.5748 -0.9843 0.0827, 1.5748 -0.748 0.0827, 1.5748 -0.6693 0.0827, 1.5748 -0.5906 0.0827, 1.5748 -0.5118 0.0827, 1.5748 -0.9055 0.0827, 1.5748 -0.4331 0.0827, 1.5748 -0.3543 0.0827, 1.5748 -0.0394 0.0827, 1.5748 1.063 0.0827, 1.5748 -0.2756 0.0827, 1.5748 -0.1969 0.0827, 1.5748 0.0394 0.0827, 1.5748 0.1181 0.0827, 1.5748 0.1969 0.0827, 1.5748 0.2756 0.0827, 1.5748 0.3543 0.0827, 1.5748 0.4331 0.0827, 1.5748 1.2205 0.0827, 1.5748 1.5748 0.3661, 1.5748 1.1417 0.0827, 1.5748 0.5118 0.0827, 1.5748 0.5906 0.0827, 1.5748 -0.1181 0.0827, 1.5748 0.6693 0.0827, 1.5748 0.748 0.0827, 1.5748 0.8268 0.0827, 1.5748 0.9055 0.0827, 1.5748 0.9843 0.0827, 1.2205 1.5748 0.0827, 1.1417 1.5748 0.0827, -1.5748 1.5748 0.3661, 0.9843 1.5748 0.0827, 0.9055 1.5748 0.0827, 0.8268 1.5748 0.0827, 1.063 1.5748 0.0827, 0.6693 1.5748 0.0827, 0.5906 1.5748 0.0827, 0.5118 1.5748 0.0827, 0.748 1.5748 0.0827, 0.3543 1.5748 0.0827, 0.2756 1.5748 0.0827, 0.1969 1.5748 0.0827, 0.4331 1.5748 0.0827, 0.0394 1.5748 0.0827, -0.0394 1.5748 0.0827, -0.1181 1.5748 0.0827, 0.1181 1.5748 0.0827, -0.2756 1.5748 0.0827, -0.3543 1.5748 0.0827, -0.4331 1.5748 0.0827, -0.1969 1.5748 0.0827, -0.5906 1.5748 0.0827, -0.6693 1.5748 0.0827, -0.748 1.5748 0.0827, -0.5118 1.5748 0.0827, -0.9843 1.5748 0.0827, -1.063 1.5748 0.0827, -0.9055 1.5748 0.0827, -0.8268 1.5748 0.0827, -1.2205 1.5748 0.0827, -1.1417 1.5748 0.0827, -1.5748 0.6693 0.0827, -1.5748 1.2205 0.0827, -1.5748 1.1417 0.0827, -1.5748 0.5906 0.0827, -1.5748 0.5118 0.0827, -1.5748 1.063 0.0827, -1.5748 0.9843 0.0827, -1.5748 0.9055 0.0827, -1.5748 0.8268 0.0827, -1.5748 0.748 0.0827, -1.5748 0.4331 0.0827, -1.5748 0.3543 0.0827, -1.5748 0.2756 0.0827, -1.5748 0.1969 0.0827, -1.5748 0.1181 0.0827, -1.5748 0.0394 0.0827, -1.5748 -0.0394 0.0827, -1.5748 -0.1181 0.0827, -1.5748 -0.1969 0.0827, -1.5748 -0.2756 0.0827, -1.5748 -0.3543 0.0827, -1.5748 -0.4331 0.0827, -1.5748 -0.5118 0.0827, -1.5748 -0.5906 0.0827, -1.5748 -1.063 0.0827, -1.5748 -0.6693 0.0827, -1.5748 -0.748 0.0827, -1.5748 -1.2205 0.0827, -1.5748 -1.5748 0.3661, -1.5748 -1.1417 0.0827, -1.5748 -0.8268 0.0827, -1.5748 -0.9055 0.0827, -1.5748 -0.9843 0.0827, -1.2205 -1.5748 0.0827, -1.1417 -1.5748 0.0827, -0.9843 -1.5748 0.0827, -0.9055 -1.5748 0.0827, -0.8268 -1.5748 0.0827, -1.063 -1.5748 0.0827, -0.6693 -1.5748 0.0827, -0.5906 -1.5748 0.0827, -0.5118 -1.5748 0.0827, -0.748 -1.5748 0.0827, -0.3543 -1.5748 0.0827, -0.2756 -1.5748 0.0827, -0.1969 -1.5748 0.0827, -0.4331 -1.5748 0.0827, -0.0394 -1.5748 0.0827, 0.0394 -1.5748 0.0827, 0.1181 -1.5748 0.0827, -0.1181 -1.5748 0.0827, 0.2756 -1.5748 0.0827, 0.3543 -1.5748 0.0827, 0.4331 -1.5748 0.0827, 0.1969 -1.5748 0.0827, 0.5906 -1.5748 0.0827, 0.6693 -1.5748 0.0827, 0.748 -1.5748 0.0827, 0.5118 -1.5748 0.0827, 0.9843 -1.5748 0.0827, 1.063 -1.5748 0.0827, 0.9055 -1.5748 0.0827, 0.8268 -1.5748 0.0827, 1.2205 -1.5748 0.0827, 1.1417 -1.5748 0.0827
            ]
        }
        coordIndex [
            0,1,2,-1,3,4,5,-1,2,1,6,-1,6,1,7,-1,6,7,8,-1,9,10,11,-1,12,13,14,-1,15,16,17,-1,18,19,20,-1,20,19,21,-1,20,21,22,-1,11,10,23,-1,23,10,24,-1,23,24,2,-1,2,24,25,-1,2,25,0,-1,11,26,9,-1,9,26,27,-1,9,27,28,-1,29,30,31,-1,31,30,32,-1,31,32,33,-1,33,32,34,-1,35,36,37,-1,28,38,9,-1,9,38,39,-1,9,39,32,-1,32,39,40,-1,32,40,34,-1,14,41,12,-1,12,41,42,-1,12,42,43,-1,44,45,46,-1,47,48,49,-1,50,51,52,-1,53,54,55,-1,55,54,56,-1,55,56,57,-1,54,16,58,-1,59,60,61,-1,62,63,64,-1,65,66,5,-1,66,67,5,-1,5,67,68,-1,5,68,69,-1,69,70,5,-1,5,70,71,-1,5,71,72,-1,73,74,72,-1,72,74,75,-1,76,77,78,-1,79,80,81,-1,47,82,48,-1,48,82,83,-1,48,83,84,-1,85,54,86,-1,86,54,87,-1,88,89,90,-1,91,92,93,-1,93,92,94,-1,95,93,96,-1,97,98,99,-1,99,98,100,-1,99,100,101,-1,22,102,20,-1,20,102,62,-1,20,62,103,-1,103,62,64,-1,75,104,72,-1,72,104,105,-1,72,105,5,-1,5,105,106,-1,5,106,3,-1,76,78,107,-1,108,109,110,-1,110,109,111,-1,112,113,109,-1,114,115,116,-1,116,115,117,-1,43,42,45,-1,45,42,118,-1,45,118,46,-1,49,119,47,-1,47,119,120,-1,47,120,121,-1,122,123,124,-1,124,123,125,-1,126,127,128,-1,128,127,122,-1,129,130,131,-1,132,133,134,-1,135,136,137,-1,137,136,132,-1,137,132,138,-1,138,132,134,-1,109,139,140,-1,141,142,143,-1,85,144,54,-1,54,144,145,-1,54,145,16,-1,16,145,146,-1,16,146,17,-1,58,147,54,-1,54,147,148,-1,54,148,149,-1,149,148,150,-1,149,150,151,-1,152,153,154,-1,96,155,95,-1,95,155,156,-1,95,156,157,-1,158,159,160,-1,161,162,163,-1,163,162,164,-1,163,164,165,-1,166,167,168,-1,169,170,171,-1,172,173,174,-1,175,176,177,-1,177,176,178,-1,50,52,179,-1,179,52,180,-1,179,180,181,-1,52,182,180,-1,180,182,183,-1,180,183,184,-1,185,186,132,-1,132,186,187,-1,132,187,133,-1,188,189,190,-1,190,189,191,-1,190,191,192,-1,57,193,55,-1,55,193,141,-1,55,141,194,-1,194,141,143,-1,195,87,196,-1,196,87,54,-1,196,54,197,-1,197,54,53,-1,15,17,89,-1,89,17,198,-1,89,198,90,-1,91,199,92,-1,92,199,152,-1,92,152,200,-1,200,152,154,-1,201,202,61,-1,61,202,203,-1,61,203,59,-1,204,205,206,-1,72,207,73,-1,73,207,158,-1,73,158,208,-1,208,158,160,-1,209,210,211,-1,212,5,78,-1,78,5,4,-1,78,4,107,-1,213,214,215,-1,215,214,216,-1,215,216,217,-1,218,219,220,-1,220,219,221,-1,5,220,222,-1,79,81,223,-1,223,81,224,-1,223,224,225,-1,113,226,109,-1,109,226,227,-1,109,227,228,-1,168,229,166,-1,166,229,230,-1,166,230,165,-1,165,230,231,-1,165,231,163,-1,232,233,109,-1,109,233,234,-1,109,234,139,-1,139,234,235,-1,139,235,236,-1,237,238,239,-1,239,238,48,-1,239,48,240,-1,240,48,84,-1,241,242,243,-1,127,244,122,-1,122,244,245,-1,122,245,123,-1,123,245,246,-1,246,247,123,-1,123,247,248,-1,123,248,249,-1,250,251,252,-1,252,251,169,-1,252,169,253,-1,253,169,171,-1,254,255,129,-1,129,255,256,-1,129,256,130,-1,254,257,255,-1,255,257,258,-1,255,258,259,-1,259,258,260,-1,259,260,261,-1,51,262,52,-1,52,262,172,-1,52,172,263,-1,263,172,174,-1,185,264,186,-1,186,264,265,-1,186,265,266,-1,266,265,267,-1,266,267,268,-1,269,270,271,-1,271,270,272,-1,140,273,109,-1,109,273,274,-1,109,274,275,-1,276,277,278,-1,278,277,279,-1,280,281,282,-1,282,281,283,-1,37,36,284,-1,285,286,287,-1,288,289,290,-1,290,289,149,-1,290,149,291,-1,291,149,151,-1,94,292,93,-1,93,292,293,-1,93,293,96,-1,96,293,294,-1,32,295,9,-1,9,295,296,-1,9,296,297,-1,297,296,96,-1,297,96,298,-1,298,96,294,-1,299,201,95,-1,95,201,61,-1,95,61,300,-1,300,61,87,-1,300,87,301,-1,301,87,195,-1,302,303,304,-1,304,303,305,-1,304,305,60,-1,60,305,306,-1,60,306,61,-1,206,307,204,-1,204,307,308,-1,204,308,101,-1,101,308,309,-1,101,309,99,-1,211,310,209,-1,209,310,311,-1,209,311,77,-1,77,311,312,-1,77,312,78,-1,313,5,314,-1,314,5,216,-1,108,315,109,-1,109,315,316,-1,109,316,317,-1,80,112,81,-1,81,112,109,-1,81,109,318,-1,318,109,317,-1,319,320,321,-1,322,323,324,-1,325,326,327,-1,327,326,328,-1,327,328,46,-1,46,328,329,-1,46,329,44,-1,120,330,121,-1,121,330,331,-1,121,331,123,-1,123,331,332,-1,123,332,125,-1,243,333,241,-1,241,333,334,-1,241,334,126,-1,126,334,335,-1,126,335,127,-1,181,180,252,-1,252,180,336,-1,252,336,250,-1,337,338,339,-1,339,338,129,-1,339,129,340,-1,340,129,131,-1,341,342,343,-1,343,342,344,-1,343,344,175,-1,175,344,345,-1,175,345,176,-1,346,347,348,-1,348,347,349,-1,348,349,350,-1,351,352,353,-1,353,352,192,-1,354,355,356,-1,356,355,357,-1,356,357,358,-1,359,360,361,-1,36,362,284,-1,284,362,363,-1,284,363,281,-1,281,363,364,-1,281,364,283,-1,365,366,367,-1,367,366,368,-1,285,369,370,-1,97,371,98,-1,98,371,299,-1,98,299,372,-1,372,299,95,-1,372,95,373,-1,373,95,157,-1,374,375,376,-1,5,377,378,-1,222,379,5,-1,5,379,380,-1,5,380,109,-1,109,380,381,-1,109,381,111,-1,382,383,384,-1,385,386,387,-1,321,388,319,-1,319,388,389,-1,319,389,390,-1,390,389,322,-1,390,322,391,-1,391,322,324,-1,392,393,394,-1,395,123,396,-1,396,123,249,-1,396,249,397,-1,397,249,398,-1,397,398,399,-1,400,401,402,-1,402,401,403,-1,402,403,404,-1,405,406,407,-1,407,406,408,-1,407,408,172,-1,172,408,409,-1,172,409,173,-1,410,411,412,-1,412,411,413,-1,412,413,269,-1,269,413,414,-1,269,414,270,-1,415,416,358,-1,358,416,417,-1,358,417,418,-1,419,420,421,-1,421,420,422,-1,361,360,423,-1,424,425,426,-1,427,428,429,-1,430,431,432,-1,433,434,435,-1,435,434,436,-1,435,436,280,-1,280,436,437,-1,280,437,281,-1,438,439,440,-1,440,441,438,-1,438,441,442,-1,438,442,443,-1,439,438,444,-1,444,438,445,-1,444,445,446,-1,447,448,449,-1,450,451,452,-1,452,451,453,-1,452,453,90,-1,90,453,454,-1,90,454,88,-1,455,456,457,-1,457,456,458,-1,457,458,459,-1,459,458,374,-1,459,374,460,-1,460,374,376,-1,461,462,463,-1,225,464,223,-1,223,464,382,-1,223,382,465,-1,465,382,384,-1,387,466,385,-1,385,466,467,-1,385,467,117,-1,117,467,468,-1,117,468,116,-1,114,116,228,-1,228,116,469,-1,228,469,109,-1,109,469,470,-1,109,470,471,-1,394,472,392,-1,392,472,473,-1,392,473,399,-1,399,473,474,-1,399,474,397,-1,404,403,475,-1,475,403,476,-1,475,476,477,-1,478,479,480,-1,12,121,13,-1,13,121,123,-1,13,123,481,-1,481,123,482,-1,481,482,483,-1,261,336,259,-1,259,336,180,-1,259,180,484,-1,484,180,485,-1,484,485,486,-1,487,190,484,-1,484,190,192,-1,484,192,488,-1,488,192,352,-1,489,490,491,-1,492,493,494,-1,494,493,495,-1,494,495,356,-1,356,495,496,-1,356,496,354,-1,415,358,497,-1,497,358,498,-1,497,498,499,-1,500,501,502,-1,502,501,503,-1,504,421,505,-1,505,421,422,-1,505,422,501,-1,501,422,506,-1,501,506,503,-1,507,508,509,-1,510,511,512,-1,512,511,513,-1,512,513,365,-1,365,513,514,-1,365,514,366,-1,515,516,517,-1,517,516,518,-1,517,518,519,-1,370,520,285,-1,285,520,521,-1,285,521,447,-1,522,523,286,-1,524,525,526,-1,313,527,5,-1,5,527,528,-1,5,528,220,-1,220,528,529,-1,220,529,218,-1,530,531,532,-1,463,533,461,-1,461,533,534,-1,461,534,535,-1,535,534,536,-1,535,536,108,-1,108,536,537,-1,108,537,315,-1,320,319,538,-1,538,319,539,-1,538,539,471,-1,471,539,540,-1,471,540,109,-1,109,540,541,-1,109,541,542,-1,109,543,544,-1,395,545,123,-1,123,545,546,-1,123,546,547,-1,547,546,548,-1,547,548,549,-1,549,548,550,-1,549,550,402,-1,402,550,551,-1,402,551,400,-1,169,552,170,-1,170,552,553,-1,170,553,554,-1,554,553,478,-1,554,478,555,-1,555,478,480,-1,184,348,180,-1,180,348,350,-1,180,350,556,-1,556,350,481,-1,556,481,557,-1,557,481,483,-1,557,483,176,-1,176,483,558,-1,176,558,178,-1,559,560,561,-1,487,484,562,-1,562,484,486,-1,562,486,270,-1,270,486,563,-1,270,563,272,-1,268,188,266,-1,266,188,190,-1,266,190,564,-1,564,190,565,-1,564,565,566,-1,567,568,358,-1,358,568,569,-1,358,569,356,-1,570,571,572,-1,572,571,573,-1,572,573,279,-1,279,573,574,-1,279,574,278,-1,419,421,575,-1,575,421,497,-1,575,497,576,-1,576,497,499,-1,576,499,278,-1,278,499,577,-1,278,577,276,-1,504,578,421,-1,421,578,579,-1,421,579,423,-1,509,508,580,-1,423,360,421,-1,421,360,581,-1,421,581,424,-1,424,426,421,-1,421,426,582,-1,421,582,427,-1,583,584,585,-1,586,587,588,-1,588,587,589,-1,588,589,590,-1,37,591,592,-1,281,593,284,-1,284,593,594,-1,284,594,595,-1,595,594,596,-1,595,596,597,-1,597,596,598,-1,597,598,599,-1,600,601,602,-1,602,601,603,-1,602,603,604,-1,605,606,607,-1,607,606,608,-1,607,608,609,-1,520,610,521,-1,521,610,606,-1,521,606,611,-1,611,606,605,-1,612,613,286,-1,286,614,615,-1,616,617,19,-1,212,618,5,-1,5,618,619,-1,5,619,620,-1,215,621,213,-1,213,621,524,-1,213,524,622,-1,622,524,526,-1,532,623,530,-1,530,623,624,-1,530,624,221,-1,221,624,625,-1,221,625,220,-1,543,109,626,-1,626,109,542,-1,626,542,163,-1,163,542,627,-1,163,627,161,-1,544,628,109,-1,109,628,629,-1,109,629,232,-1,630,631,632,-1,632,631,633,-1,632,633,634,-1,634,633,346,-1,634,346,635,-1,635,346,348,-1,561,636,559,-1,559,636,637,-1,559,637,351,-1,351,637,638,-1,351,638,352,-1,639,640,641,-1,641,640,642,-1,641,642,500,-1,500,642,643,-1,500,643,501,-1,580,508,361,-1,361,508,644,-1,361,644,359,-1,425,645,426,-1,426,645,646,-1,426,646,647,-1,647,646,648,-1,427,429,421,-1,421,429,649,-1,421,649,650,-1,586,588,651,-1,651,588,652,-1,651,652,592,-1,592,652,653,-1,592,653,37,-1,653,654,37,-1,37,654,655,-1,37,655,656,-1,287,657,285,-1,285,657,658,-1,285,658,659,-1,659,658,597,-1,659,597,660,-1,660,597,599,-1,660,599,366,-1,366,599,661,-1,366,661,368,-1,662,663,664,-1,665,285,662,-1,662,285,666,-1,662,666,663,-1,667,668,669,-1,670,671,672,-1,673,674,675,-1,675,674,676,-1,675,676,677,-1,448,678,449,-1,449,678,674,-1,449,674,679,-1,679,674,673,-1,522,286,680,-1,615,681,286,-1,286,681,682,-1,286,682,683,-1,684,286,685,-1,685,286,686,-1,377,5,687,-1,687,5,620,-1,687,620,457,-1,457,620,688,-1,457,688,455,-1,378,689,5,-1,5,689,690,-1,5,690,216,-1,216,690,691,-1,216,691,217,-1,149,692,54,-1,54,692,693,-1,54,693,489,-1,275,694,109,-1,109,694,695,-1,109,695,696,-1,696,695,697,-1,428,698,429,-1,429,698,699,-1,429,699,700,-1,700,699,701,-1,702,703,704,-1,704,703,705,-1,702,704,432,-1,432,704,706,-1,432,706,430,-1,707,421,431,-1,431,421,650,-1,431,650,432,-1,708,709,710,-1,35,37,711,-1,711,37,656,-1,711,656,712,-1,712,656,713,-1,712,713,714,-1,715,716,285,-1,717,718,369,-1,369,718,667,-1,369,667,719,-1,719,667,669,-1,720,721,722,-1,672,723,670,-1,670,723,724,-1,670,724,519,-1,519,724,725,-1,519,725,517,-1,726,727,728,-1,729,730,731,-1,697,732,696,-1,696,732,54,-1,696,54,733,-1,733,54,489,-1,733,489,734,-1,734,489,491,-1,490,489,735,-1,735,489,736,-1,735,736,564,-1,737,584,738,-1,737,739,584,-1,584,739,740,-1,584,740,585,-1,741,742,743,-1,743,742,744,-1,743,744,591,-1,745,746,747,-1,747,746,748,-1,747,748,590,-1,590,748,749,-1,590,749,588,-1,714,750,712,-1,712,750,751,-1,712,751,752,-1,752,751,708,-1,752,708,753,-1,753,708,710,-1,443,442,754,-1,754,442,755,-1,754,755,664,-1,664,755,756,-1,664,756,662,-1,722,757,720,-1,720,757,758,-1,720,758,604,-1,604,758,759,-1,604,759,602,-1,760,761,762,-1,762,761,763,-1,762,763,609,-1,609,763,764,-1,609,764,607,-1,447,449,285,-1,285,449,765,-1,285,765,286,-1,286,765,766,-1,286,766,680,-1,680,766,767,-1,680,767,768,-1,768,769,680,-1,680,769,728,-1,680,728,770,-1,770,728,727,-1,286,771,772,-1,286,773,774,-1,775,776,777,-1,778,286,779,-1,779,286,684,-1,779,684,775,-1,775,684,780,-1,775,780,776,-1,781,782,783,-1,707,583,421,-1,421,583,585,-1,421,585,37,-1,37,585,784,-1,37,784,785,-1,785,786,37,-1,37,786,787,-1,37,787,591,-1,591,787,788,-1,591,788,743,-1,515,789,516,-1,516,789,715,-1,516,715,790,-1,790,715,285,-1,790,285,791,-1,791,285,665,-1,600,792,601,-1,601,792,793,-1,601,793,794,-1,794,793,716,-1,795,796,797,-1,797,796,798,-1,797,798,667,-1,667,798,799,-1,667,799,668,-1,773,286,800,-1,800,286,613,-1,800,613,801,-1,801,613,802,-1,801,802,803,-1,774,804,286,-1,286,804,805,-1,286,805,806,-1,729,731,683,-1,683,731,807,-1,683,807,286,-1,286,807,808,-1,286,808,686,-1,616,19,809,-1,567,358,566,-1,566,358,418,-1,566,418,564,-1,564,418,810,-1,564,810,735,-1,509,811,507,-1,507,811,781,-1,507,781,812,-1,812,781,783,-1,813,814,815,-1,815,814,816,-1,815,816,817,-1,817,816,818,-1,817,818,646,-1,646,818,819,-1,646,819,648,-1,820,821,822,-1,822,821,823,-1,822,823,824,-1,824,823,825,-1,824,825,699,-1,699,825,826,-1,699,826,701,-1,827,828,829,-1,829,828,830,-1,829,830,743,-1,743,830,831,-1,743,831,741,-1,716,793,285,-1,285,793,832,-1,285,832,369,-1,369,832,833,-1,369,833,717,-1,834,835,836,-1,836,835,837,-1,836,837,677,-1,677,837,838,-1,677,838,675,-1,839,840,841,-1,841,840,842,-1,841,842,843,-1,523,844,286,-1,286,844,840,-1,286,840,771,-1,771,840,839,-1,803,845,801,-1,801,845,846,-1,801,846,847,-1,848,849,809,-1,809,849,850,-1,809,850,851,-1,778,852,286,-1,286,852,853,-1,286,853,851,-1,851,853,854,-1,851,854,809,-1,855,856,857,-1,858,19,859,-1,859,19,617,-1,859,617,860,-1,860,617,861,-1,860,861,862,-1,863,864,865,-1,865,864,866,-1,867,868,869,-1,869,868,870,-1,869,870,705,-1,705,870,871,-1,705,871,704,-1,872,873,874,-1,772,875,286,-1,286,875,876,-1,286,876,877,-1,878,879,880,-1,881,882,883,-1,883,882,884,-1,883,884,730,-1,730,884,885,-1,730,885,731,-1,886,887,888,-1,18,65,19,-1,19,65,5,-1,19,5,809,-1,809,5,889,-1,809,889,848,-1,857,890,855,-1,855,890,891,-1,855,891,862,-1,862,891,892,-1,862,892,860,-1,858,893,19,-1,19,893,894,-1,19,894,895,-1,895,894,896,-1,897,898,899,-1,900,901,902,-1,738,903,737,-1,737,903,904,-1,737,904,905,-1,905,904,872,-1,905,872,906,-1,906,872,874,-1,907,908,909,-1,909,908,910,-1,909,910,728,-1,728,910,911,-1,728,911,726,-1,912,913,914,-1,914,913,915,-1,914,915,286,-1,286,915,916,-1,286,916,612,-1,879,878,806,-1,806,878,917,-1,806,917,286,-1,286,917,918,-1,286,918,614,-1,777,919,775,-1,775,919,886,-1,775,886,920,-1,920,886,888,-1,921,922,923,-1,924,925,926,-1,926,925,927,-1,925,928,927,-1,927,928,929,-1,927,929,930,-1,930,929,931,-1,930,931,932,-1,933,934,935,-1,936,877,937,-1,937,877,938,-1,937,938,939,-1,936,940,877,-1,877,940,941,-1,877,941,286,-1,286,941,942,-1,286,942,914,-1,923,943,921,-1,921,943,944,-1,921,944,863,-1,863,944,945,-1,863,945,864,-1,864,900,866,-1,866,900,902,-1,866,902,946,-1,946,902,947,-1,946,947,894,-1,894,947,948,-1,894,948,896,-1,935,949,933,-1,933,949,950,-1,933,950,843,-1,843,950,951,-1,843,951,841,-1,952,953,954,-1,954,953,955,-1,954,955,846,-1,846,955,956,-1,846,956,847,-1,957,958,959,-1,960,961,962,-1,962,961,963,-1,962,963,880,-1,880,963,964,-1,880,964,878,-1,898,965,899,-1,899,965,957,-1,899,957,966,-1,966,957,959,-1,967,968,969,-1,924,926,970,-1,970,926,971,-1,970,971,972,-1,972,971,973,-1,972,973,967,-1,967,973,974,-1,967,974,968,-1,901,975,902,-1,902,975,967,-1,902,967,976,-1,976,967,969,-1,976,969,899,-1,899,969,977,-1,899,977,897,-1,978,979,980,-1,981,982,983,-1,938,984,939,-1,939,984,978,-1,939,978,985,-1,985,978,980,-1,912,986,913,-1,913,986,987,-1,913,987,988,-1,988,987,989,-1,988,989,990,-1,990,989,981,-1,990,981,991,-1,991,981,983,-1,992,710,709,-1,444,446,993,-1,993,446,994,-1,993,994,995,-1,511,510,995,-1,995,510,996,-1,995,996,993,-1,993,996,997,-1,993,998,999,-1,746,745,999,-1,999,745,1000,-1,999,1000,993,-1,993,1000,1001,-1,434,433,997,-1,997,433,1002,-1,997,1002,993,-1,993,1002,992,-1,993,992,998,-1,998,992,709,-1,828,827,1001,-1,1001,827,1003,-1,1001,1003,993,-1,993,1003,1004,-1,1005,821,820,-1,1006,342,341,-1,874,873,1004,-1,1004,873,1007,-1,1004,1007,993,-1,993,1007,1008,-1,993,1009,1010,-1,814,813,1010,-1,1010,813,1011,-1,1010,1011,993,-1,993,1011,1012,-1,783,782,1012,-1,1012,782,1013,-1,1012,1013,993,-1,993,1013,1014,-1,477,476,1015,-1,1015,476,1016,-1,1015,1016,1017,-1,1017,1016,993,-1,640,639,1014,-1,1014,639,1018,-1,1014,1018,993,-1,993,1018,1019,-1,868,867,1008,-1,1008,867,1020,-1,1008,1020,993,-1,993,1020,1005,-1,993,1005,1009,-1,1009,1005,820,-1,571,570,1019,-1,1019,570,1021,-1,1019,1021,993,-1,993,1021,1022,-1,493,492,1022,-1,1022,492,1023,-1,1022,1023,993,-1,993,1023,1024,-1,411,410,1024,-1,1024,410,1025,-1,1024,1025,993,-1,993,1025,1006,-1,993,1006,1017,-1,1017,1006,341,-1,1016,476,403,-1,403,1026,1016,-1,1016,1026,1027,-1,1016,1027,1028,-1,1029,243,242,-1,1030,1031,1028,-1,242,1030,1029,-1,1029,1030,1028,-1,1029,1028,1032,-1,1032,1028,1027,-1,1032,1027,393,-1,393,1027,394,-1,1033,326,325,-1,1034,1035,1028,-1,325,1034,1033,-1,1033,1034,1028,-1,1033,1028,1036,-1,1036,1028,1031,-1,1036,1031,237,-1,237,1031,238,-1,1037,406,405,-1,1038,1039,1028,-1,405,1038,1037,-1,1037,1038,1028,-1,1037,1028,1040,-1,1040,1028,1035,-1,1040,1035,630,-1,630,1035,631,-1,1041,338,337,-1,1042,1043,1028,-1,337,1042,1041,-1,1041,1042,1028,-1,1041,1028,1044,-1,1044,1028,1039,-1,1044,1039,479,-1,479,1039,480,-1,1045,136,135,-1,1046,1047,1028,-1,135,1046,1045,-1,1045,1046,1028,-1,1045,1028,1048,-1,1048,1028,1043,-1,1048,1043,560,-1,560,1043,561,-1,1049,451,450,-1,1050,1051,1028,-1,450,1050,1049,-1,1049,1050,1028,-1,1049,1028,1052,-1,1052,1028,1047,-1,1052,1047,288,-1,288,1047,289,-1,1053,1054,1028,-1,1055,206,205,-1,205,1053,1055,-1,1055,1053,1028,-1,1055,1028,1056,-1,1056,1028,1051,-1,1056,1051,302,-1,302,1051,303,-1,8,7,1057,-1,1057,7,1028,-1,1057,1028,1058,-1,1058,1028,1054,-1,1058,1054,29,-1,29,1054,30,-1,1059,168,167,-1,7,1,1028,-1,1028,1,1060,-1,1028,1060,1061,-1,1028,1062,1063,-1,154,153,1061,-1,1061,153,1064,-1,1061,1064,1028,-1,1028,1064,1065,-1,143,142,1065,-1,1065,142,1066,-1,1065,1066,1028,-1,1028,1066,1067,-1,139,236,1067,-1,1067,236,1068,-1,1067,1068,1028,-1,1028,1068,1059,-1,1028,1059,1062,-1,1062,1059,167,-1,324,323,1063,-1,1063,323,1069,-1,1063,1069,1028,-1,1028,1069,1070,-1,387,386,1070,-1,1070,386,1071,-1,1070,1071,1028,-1,1028,1071,1072,-1,384,383,1072,-1,1072,383,1073,-1,1072,1073,1028,-1,1028,1073,1074,-1,463,462,1074,-1,1074,462,1075,-1,1074,1075,1028,-1,1028,1075,1076,-1,532,531,1076,-1,1076,531,1077,-1,1076,1077,1028,-1,1028,1077,1078,-1,526,525,1078,-1,1078,525,1079,-1,1078,1079,1028,-1,1028,1079,1080,-1,376,375,1080,-1,1080,375,1081,-1,1080,1081,1028,-1,1028,1081,1082,-1,1083,959,958,-1,211,210,1082,-1,1082,210,1084,-1,1082,1084,1028,-1,1028,1084,1085,-1,932,931,1086,-1,1086,931,1087,-1,1086,1087,1088,-1,1088,1087,1028,-1,160,159,1085,-1,1085,159,1089,-1,1085,1089,1028,-1,1028,1089,1090,-1,64,63,1090,-1,1090,63,1091,-1,1090,1091,1028,-1,1028,1091,1083,-1,1028,1083,1088,-1,1088,1083,958,-1,1087,931,929,-1,929,1092,1087,-1,1087,1092,1093,-1,1087,1093,993,-1,1094,857,856,-1,1095,1096,993,-1,856,1095,1094,-1,1094,1095,993,-1,1094,993,1097,-1,1097,993,1093,-1,1097,1093,922,-1,922,1093,923,-1,1098,882,881,-1,1099,1100,993,-1,881,1099,1098,-1,1098,1099,993,-1,1098,993,1101,-1,1101,993,1096,-1,1101,1096,887,-1,887,1096,888,-1,1102,953,952,-1,1103,1104,993,-1,952,1103,1102,-1,1102,1103,993,-1,1102,993,1105,-1,1105,993,1100,-1,1105,1100,960,-1,960,1100,961,-1,1106,980,979,-1,1107,1108,993,-1,979,1107,1106,-1,1106,1107,993,-1,1106,993,1109,-1,1109,993,1104,-1,1109,1104,982,-1,982,1104,983,-1,1110,908,907,-1,1111,1112,993,-1,907,1111,1110,-1,1110,1111,993,-1,1110,993,1113,-1,1113,993,1108,-1,1113,1108,934,-1,934,1108,935,-1,1114,761,760,-1,1115,1116,993,-1,760,1115,1114,-1,1114,1115,993,-1,1114,993,1117,-1,1117,993,1112,-1,1117,1112,834,-1,834,1112,835,-1,1118,1119,993,-1,1120,722,721,-1,721,1118,1120,-1,1120,1118,993,-1,1120,993,1121,-1,1121,993,1116,-1,1121,1116,795,-1,795,1116,796,-1,439,444,1122,-1,1122,444,993,-1,1122,993,1123,-1,1123,993,1119,-1,1123,1119,671,-1,671,1119,672,-1,
        ]
    }
}
Shape{
    appearance Appearance {
        material  Material 	{
            diffuseColor 0.2235294117647059 0.2235294117647059 0.2235294117647059
            specularColor 0.11372549019607843 0.11372549019607843 0.11372549019607843
            ambientIntensity 0.2235
            transparency 0.0
            shininess 0.5
        }
    }
    geometry IndexedFaceSet {
        ccw TRUE
        solid FALSE
        coord DEF co Coordinate {
            point [
                -1.186 1.2266 0.3661, 1.5748 -1.5748 0.3661, -1.1726 1.2591 0.3661, 1.5748 1.5748 0.3661, -1.168 1.2938 0.3661, -1.2074 1.1988 0.3661, -1.2352 1.1774 0.3661, -1.5748 -1.5748 0.3661, -1.2676 1.164 0.3661, -1.3024 1.1594 0.3661, -1.3372 1.164 0.3661, -1.3696 1.1774 0.3661, -1.3974 1.1988 0.3661, -1.5748 1.5748 0.3661, -1.4322 1.3286 0.3661, -1.4188 1.361 0.3661, -1.3974 1.3889 0.3661, -1.3696 1.4102 0.3661, -1.3372 1.4237 0.3661, -1.2074 1.3889 0.3661, -1.186 1.361 0.3661, -1.1726 1.3286 0.3661, -1.4188 1.2266 0.3661, -1.4322 1.2591 0.3661, -1.4368 1.2938 0.3661, -1.3024 1.4283 0.3661, -1.2676 1.4237 0.3661, -1.2352 1.4102 0.3661
            ]
        }
        coordIndex [
            0,1,2,-1,2,1,3,-1,2,3,4,-1,0,5,1,-1,1,5,6,-1,1,6,7,-1,7,6,8,-1,7,8,9,-1,9,10,7,-1,7,10,11,-1,7,11,12,-1,13,14,15,-1,15,16,13,-1,13,16,17,-1,13,17,18,-1,19,20,3,-1,3,20,21,-1,3,21,4,-1,12,22,7,-1,7,22,23,-1,7,23,13,-1,13,23,24,-1,13,24,14,-1,18,25,13,-1,13,25,26,-1,13,26,3,-1,3,26,27,-1,3,27,19,-1,
        ]
    }
}
Shape{
    appearance Appearance {
        material  Material 	{
            diffuseColor 0.5019607843137255 0.5019607843137255 0.5019607843137255
            specularColor 0.25098039215686274 0.25098039215686274 0.25098039215686274
            ambientIntensity 0.502
            transparency 0.0
            shininess 0.5
        }
    }
    geometry IndexedFaceSet {
        ccw TRUE
        solid FALSE
        coord DEF co Coordinate {
            point [
                -1.168 1.2938 0.3583, -1.168 1.2938 0.3661, -1.1726 1.3286 0.3583, -1.1726 1.3286 0.3661, -1.186 1.361 0.3583, -1.186 1.361 0.3661, -1.2074 1.3889 0.3583, -1.2074 1.3889 0.3661, -1.2352 1.4102 0.3583, -1.2352 1.4102 0.3661, -1.2676 1.4237 0.3583, -1.2676 1.4237 0.3661, -1.3024 1.4283 0.3583, -1.3024 1.4283 0.3661, -1.3372 1.4237 0.3583, -1.3372 1.4237 0.3661, -1.3696 1.4102 0.3583, -1.3696 1.4102 0.3661, -1.3974 1.3889 0.3583, -1.3974 1.3889 0.3661, -1.4188 1.361 0.3583, -1.4188 1.361 0.3661, -1.4322 1.3286 0.3583, -1.4322 1.3286 0.3661, -1.4368 1.2938 0.3583, -1.4368 1.2938 0.3661, -1.4322 1.2591 0.3583, -1.4322 1.2591 0.3661, -1.4188 1.2266 0.3583, -1.4188 1.2266 0.3661, -1.3974 1.1988 0.3583, -1.3974 1.1988 0.3661, -1.3696 1.1774 0.3583, -1.3696 1.1774 0.3661, -1.3372 1.164 0.3583, -1.3372 1.164 0.3661, -1.3024 1.1594 0.3583, -1.3024 1.1594 0.3661, -1.2676 1.164 0.3583, -1.2676 1.164 0.3661, -1.2352 1.1774 0.3583, -1.2352 1.1774 0.3661, -1.2074 1.1988 0.3583, -1.2074 1.1988 0.3661, -1.186 1.2266 0.3583, -1.186 1.2266 0.3661, -1.1726 1.2591 0.3583, -1.1726 1.2591 0.3661, -1.3024 1.2938 0.3583
            ]
        }
        coordIndex [
            0,1,2,-1,2,1,3,-1,2,3,4,-1,4,3,5,-1,4,5,6,-1,6,5,7,-1,6,7,8,-1,8,7,9,-1,8,9,10,-1,10,9,11,-1,10,11,12,-1,12,11,13,-1,12,13,14,-1,14,13,15,-1,14,15,16,-1,16,15,17,-1,16,17,18,-1,18,17,19,-1,18,19,20,-1,20,19,21,-1,20,21,22,-1,22,21,23,-1,22,23,24,-1,24,23,25,-1,24,25,26,-1,26,25,27,-1,26,27,28,-1,28,27,29,-1,28,29,30,-1,30,29,31,-1,30,31,32,-1,32,31,33,-1,32,33,34,-1,34,33,35,-1,34,35,36,-1,36,35,37,-1,36,37,38,-1,38,37,39,-1,38,39,40,-1,40,39,41,-1,40,41,42,-1,42,41,43,-1,42,43,44,-1,44,43,45,-1,44,45,46,-1,46,45,47,-1,46,47,0,-1,0,47,1,-1,44,46,48,-1,48,46,0,-1,48,0,2,-1,38,40,48,-1,48,40,42,-1,48,42,44,-1,32,34,48,-1,48,34,36,-1,48,36,38,-1,26,28,48,-1,48,28,30,-1,48,30,32,-1,20,22,48,-1,48,22,24,-1,48,24,26,-1,14,16,48,-1,48,16,18,-1,48,18,20,-1,8,10,48,-1,48,10,12,-1,48,12,14,-1,2,4,48,-1,48,4,6,-1,48,6,8,-1,
        ]
    }
}
Shape{
    appearance Appearance {
        material  Material 	{
            diffuseColor 0.7529411764705882 0.7529411764705882 0.7529411764705882
            specularColor 0.3764705882352941 0.3764705882352941 0.3764705882352941
            ambientIntensity 0.7529
            transparency 0.0
            shininess 0.5
        }
    }
    geometry IndexedFaceSet {
        ccw TRUE
        solid FALSE
        coord DEF co Coordinate {
            point [
                0.1181 1.5748 0.0827, 0.1181 1.5787 0.0827, 0.0394 1.5748 0.0827, 0.0394 1.5787 0.0827, 0.0394 1.5748 0.0118, 0.0394 1.5787 0.0, 0.0394 1.4567 0.0118, 0.0394 1.4567 0.0, 0.0407 1.4465 0.0, 0.0407 1.4465 0.0118, 0.0446 1.437 0.0, 0.0446 1.437 0.0118, 0.0509 1.4289 0.0, 0.0509 1.4289 0.0118, 0.0591 1.4226 0.0, 0.0591 1.4226 0.0118, 0.0686 1.4187 0.0, 0.0686 1.4187 0.0118, 0.0787 1.4173 0.0, 0.0787 1.4173 0.0118, 0.0889 1.4187 0.0, 0.0889 1.4187 0.0118, 0.0984 1.4226 0.0, 0.0984 1.4226 0.0118, 0.1066 1.4289 0.0, 0.1066 1.4289 0.0118, 0.1128 1.437 0.0, 0.1128 1.437 0.0118, 0.1168 1.4465 0.0, 0.1168 1.4465 0.0118, 0.1181 1.4567 0.0, 0.1181 1.4567 0.0118, 0.1181 1.5748 0.0118, 0.1181 1.5787 0.0, -0.0394 1.5748 0.0827, -0.0394 1.5787 0.0827, -0.1181 1.5748 0.0827, -0.1181 1.5787 0.0827, -0.1181 1.5748 0.0118, -0.1181 1.5787 0.0, -0.1181 1.4567 0.0118, -0.1181 1.4567 0.0, -0.1168 1.4465 0.0, -0.1168 1.4465 0.0118, -0.1128 1.437 0.0, -0.1128 1.437 0.0118, -0.1066 1.4289 0.0, -0.1066 1.4289 0.0118, -0.0984 1.4226 0.0, -0.0984 1.4226 0.0118, -0.0889 1.4187 0.0, -0.0889 1.4187 0.0118, -0.0787 1.4173 0.0, -0.0787 1.4173 0.0118, -0.0686 1.4187 0.0, -0.0686 1.4187 0.0118, -0.0591 1.4226 0.0, -0.0591 1.4226 0.0118, -0.0509 1.4289 0.0, -0.0509 1.4289 0.0118, -0.0446 1.437 0.0, -0.0446 1.437 0.0118, -0.0407 1.4465 0.0, -0.0407 1.4465 0.0118, -0.0394 1.4567 0.0, -0.0394 1.4567 0.0118, -0.0394 1.5748 0.0118, -0.0394 1.5787 0.0, -0.1969 1.5748 0.0827, -0.1969 1.5787 0.0827, -0.2756 1.5748 0.0827, -0.2756 1.5787 0.0827, -0.2756 1.5748 0.0118, -0.2756 1.5787 0.0, -0.2756 1.4567 0.0118, -0.2756 1.4567 0.0, -0.2742 1.4465 0.0, -0.2742 1.4465 0.0118, -0.2703 1.437 0.0, -0.2703 1.437 0.0118, -0.2641 1.4289 0.0, -0.2641 1.4289 0.0118, -0.2559 1.4226 0.0, -0.2559 1.4226 0.0118, -0.2464 1.4187 0.0, -0.2464 1.4187 0.0118, -0.2362 1.4173 0.0, -0.2362 1.4173 0.0118, -0.226 1.4187 0.0, -0.226 1.4187 0.0118, -0.2165 1.4226 0.0, -0.2165 1.4226 0.0118, -0.2084 1.4289 0.0, -0.2084 1.4289 0.0118, -0.2021 1.437 0.0, -0.2021 1.437 0.0118, -0.1982 1.4465 0.0, -0.1982 1.4465 0.0118, -0.1969 1.4567 0.0, -0.1969 1.4567 0.0118, -0.1969 1.5748 0.0118, -0.1969 1.5787 0.0, -0.3543 1.5748 0.0827, -0.3543 1.5787 0.0827, -0.4331 1.5748 0.0827, -0.4331 1.5787 0.0827, -0.4331 1.5748 0.0118, -0.4331 1.5787 0.0, -0.4331 1.4567 0.0118, -0.4331 1.4567 0.0, -0.4317 1.4465 0.0, -0.4317 1.4465 0.0118, -0.4278 1.437 0.0, -0.4278 1.437 0.0118, -0.4215 1.4289 0.0, -0.4215 1.4289 0.0118, -0.4134 1.4226 0.0, -0.4134 1.4226 0.0118, -0.4039 1.4187 0.0, -0.4039 1.4187 0.0118, -0.3937 1.4173 0.0, -0.3937 1.4173 0.0118, -0.3835 1.4187 0.0, -0.3835 1.4187 0.0118, -0.374 1.4226 0.0, -0.374 1.4226 0.0118, -0.3659 1.4289 0.0, -0.3659 1.4289 0.0118, -0.3596 1.437 0.0, -0.3596 1.437 0.0118, -0.3557 1.4465 0.0, -0.3557 1.4465 0.0118, -0.3543 1.4567 0.0, -0.3543 1.4567 0.0118, -0.3543 1.5748 0.0118, -0.3543 1.5787 0.0, -0.5118 1.5748 0.0827, -0.5118 1.5787 0.0827, -0.5906 1.5748 0.0827, -0.5906 1.5787 0.0827, -0.5906 1.5748 0.0118, -0.5906 1.5787 0.0, -0.5906 1.4567 0.0118, -0.5906 1.4567 0.0, -0.5892 1.4465 0.0, -0.5892 1.4465 0.0118, -0.5853 1.437 0.0, -0.5853 1.437 0.0118, -0.579 1.4289 0.0, -0.579 1.4289 0.0118, -0.5709 1.4226 0.0, -0.5709 1.4226 0.0118, -0.5614 1.4187 0.0, -0.5614 1.4187 0.0118, -0.5512 1.4173 0.0, -0.5512 1.4173 0.0118, -0.541 1.4187 0.0, -0.541 1.4187 0.0118, -0.5315 1.4226 0.0, -0.5315 1.4226 0.0118, -0.5233 1.4289 0.0, -0.5233 1.4289 0.0118, -0.5171 1.437 0.0, -0.5171 1.437 0.0118, -0.5132 1.4465 0.0, -0.5132 1.4465 0.0118, -0.5118 1.4567 0.0, -0.5118 1.4567 0.0118, -0.5118 1.5748 0.0118, -0.5118 1.5787 0.0, -0.6693 1.5748 0.0827, -0.6693 1.5787 0.0827, -0.748 1.5748 0.0827, -0.748 1.5787 0.0827, -0.748 1.5748 0.0118, -0.748 1.5787 0.0, -0.748 1.4567 0.0118, -0.748 1.4567 0.0, -0.7467 1.4465 0.0, -0.7467 1.4465 0.0118, -0.7428 1.437 0.0, -0.7428 1.437 0.0118, -0.7365 1.4289 0.0, -0.7365 1.4289 0.0118, -0.7283 1.4226 0.0, -0.7283 1.4226 0.0118, -0.7189 1.4187 0.0, -0.7189 1.4187 0.0118, -0.7087 1.4173 0.0, -0.7087 1.4173 0.0118, -0.6985 1.4187 0.0, -0.6985 1.4187 0.0118, -0.689 1.4226 0.0, -0.689 1.4226 0.0118, -0.6808 1.4289 0.0, -0.6808 1.4289 0.0118, -0.6746 1.437 0.0, -0.6746 1.437 0.0118, -0.6706 1.4465 0.0, -0.6706 1.4465 0.0118, -0.6693 1.4567 0.0, -0.6693 1.4567 0.0118, -0.6693 1.5748 0.0118, -0.6693 1.5787 0.0, -0.8268 1.5748 0.0827, -0.8268 1.5787 0.0827, -0.9055 1.5748 0.0827, -0.9055 1.5787 0.0827, -0.9055 1.5748 0.0118, -0.9055 1.5787 0.0, -0.9055 1.4567 0.0118, -0.9055 1.4567 0.0, -0.9042 1.4465 0.0, -0.9042 1.4465 0.0118, -0.9002 1.437 0.0, -0.9002 1.437 0.0118, -0.894 1.4289 0.0, -0.894 1.4289 0.0118, -0.8858 1.4226 0.0, -0.8858 1.4226 0.0118, -0.8763 1.4187 0.0, -0.8763 1.4187 0.0118, -0.8661 1.4173 0.0, -0.8661 1.4173 0.0118, -0.856 1.4187 0.0, -0.856 1.4187 0.0118, -0.8465 1.4226 0.0, -0.8465 1.4226 0.0118, -0.8383 1.4289 0.0, -0.8383 1.4289 0.0118, -0.832 1.437 0.0, -0.832 1.437 0.0118, -0.8281 1.4465 0.0, -0.8281 1.4465 0.0118, -0.8268 1.4567 0.0, -0.8268 1.4567 0.0118, -0.8268 1.5748 0.0118, -0.8268 1.5787 0.0, -0.9843 1.5748 0.0827, -0.9843 1.5787 0.0827, -1.063 1.5748 0.0827, -1.063 1.5787 0.0827, -1.063 1.5748 0.0118, -1.063 1.5787 0.0, -1.063 1.4567 0.0118, -1.063 1.4567 0.0, -1.0617 1.4465 0.0, -1.0617 1.4465 0.0118, -1.0577 1.437 0.0, -1.0577 1.437 0.0118, -1.0515 1.4289 0.0, -1.0515 1.4289 0.0118, -1.0433 1.4226 0.0, -1.0433 1.4226 0.0118, -1.0338 1.4187 0.0, -1.0338 1.4187 0.0118, -1.0236 1.4173 0.0, -1.0236 1.4173 0.0118, -1.0134 1.4187 0.0, -1.0134 1.4187 0.0118, -1.0039 1.4226 0.0, -1.0039 1.4226 0.0118, -0.9958 1.4289 0.0, -0.9958 1.4289 0.0118, -0.9895 1.437 0.0, -0.9895 1.437 0.0118, -0.9856 1.4465 0.0, -0.9856 1.4465 0.0118, -0.9843 1.4567 0.0, -0.9843 1.4567 0.0118, -0.9843 1.5748 0.0118, -0.9843 1.5787 0.0, -1.1417 1.5748 0.0827, -1.1417 1.5787 0.0827, -1.2205 1.5748 0.0827, -1.2205 1.5787 0.0827, -1.2205 1.5748 0.0118, -1.2205 1.5787 0.0, -1.2205 1.4567 0.0118, -1.2205 1.4567 0.0, -1.2191 1.4465 0.0, -1.2191 1.4465 0.0118, -1.2152 1.437 0.0, -1.2152 1.437 0.0118, -1.2089 1.4289 0.0, -1.2089 1.4289 0.0118, -1.2008 1.4226 0.0, -1.2008 1.4226 0.0118, -1.1913 1.4187 0.0, -1.1913 1.4187 0.0118, -1.1811 1.4173 0.0, -1.1811 1.4173 0.0118, -1.1709 1.4187 0.0, -1.1709 1.4187 0.0118, -1.1614 1.4226 0.0, -1.1614 1.4226 0.0118, -1.1533 1.4289 0.0, -1.1533 1.4289 0.0118, -1.147 1.437 0.0, -1.147 1.437 0.0118, -1.1431 1.4465 0.0, -1.1431 1.4465 0.0118, -1.1417 1.4567 0.0, -1.1417 1.4567 0.0118, -1.1417 1.5748 0.0118, -1.1417 1.5787 0.0, 0.2756 1.5748 0.0827, 0.2756 1.5787 0.0827, 0.1969 1.5748 0.0827, 0.1969 1.5787 0.0827, 0.1969 1.5748 0.0118, 0.1969 1.5787 0.0, 0.1969 1.4567 0.0118, 0.1969 1.4567 0.0, 0.1982 1.4465 0.0, 0.1982 1.4465 0.0118, 0.2021 1.437 0.0, 0.2021 1.437 0.0118, 0.2084 1.4289 0.0, 0.2084 1.4289 0.0118, 0.2165 1.4226 0.0, 0.2165 1.4226 0.0118, 0.226 1.4187 0.0, 0.226 1.4187 0.0118, 0.2362 1.4173 0.0, 0.2362 1.4173 0.0118, 0.2464 1.4187 0.0, 0.2464 1.4187 0.0118, 0.2559 1.4226 0.0, 0.2559 1.4226 0.0118, 0.2641 1.4289 0.0, 0.2641 1.4289 0.0118, 0.2703 1.437 0.0, 0.2703 1.437 0.0118, 0.2742 1.4465 0.0, 0.2742 1.4465 0.0118, 0.2756 1.4567 0.0, 0.2756 1.4567 0.0118, 0.2756 1.5748 0.0118, 0.2756 1.5787 0.0, 0.4331 1.5748 0.0827, 0.4331 1.5787 0.0827, 0.3543 1.5748 0.0827, 0.3543 1.5787 0.0827, 0.3543 1.5748 0.0118, 0.3543 1.5787 0.0, 0.3543 1.4567 0.0118, 0.3543 1.4567 0.0, 0.3557 1.4465 0.0, 0.3557 1.4465 0.0118, 0.3596 1.437 0.0, 0.3596 1.437 0.0118, 0.3659 1.4289 0.0, 0.3659 1.4289 0.0118, 0.374 1.4226 0.0, 0.374 1.4226 0.0118, 0.3835 1.4187 0.0, 0.3835 1.4187 0.0118, 0.3937 1.4173 0.0, 0.3937 1.4173 0.0118, 0.4039 1.4187 0.0, 0.4039 1.4187 0.0118, 0.4134 1.4226 0.0, 0.4134 1.4226 0.0118, 0.4215 1.4289 0.0, 0.4215 1.4289 0.0118, 0.4278 1.437 0.0, 0.4278 1.437 0.0118, 0.4317 1.4465 0.0, 0.4317 1.4465 0.0118, 0.4331 1.4567 0.0, 0.4331 1.4567 0.0118, 0.4331 1.5748 0.0118, 0.4331 1.5787 0.0, 0.5906 1.5748 0.0827, 0.5906 1.5787 0.0827, 0.5118 1.5748 0.0827, 0.5118 1.5787 0.0827, 0.5118 1.5748 0.0118, 0.5118 1.5787 0.0, 0.5118 1.4567 0.0118, 0.5118 1.4567 0.0, 0.5132 1.4465 0.0, 0.5132 1.4465 0.0118, 0.5171 1.437 0.0, 0.5171 1.437 0.0118, 0.5233 1.4289 0.0, 0.5233 1.4289 0.0118, 0.5315 1.4226 0.0, 0.5315 1.4226 0.0118, 0.541 1.4187 0.0, 0.541 1.4187 0.0118, 0.5512 1.4173 0.0, 0.5512 1.4173 0.0118, 0.5614 1.4187 0.0, 0.5614 1.4187 0.0118, 0.5709 1.4226 0.0, 0.5709 1.4226 0.0118, 0.579 1.4289 0.0, 0.579 1.4289 0.0118, 0.5853 1.437 0.0, 0.5853 1.437 0.0118, 0.5892 1.4465 0.0, 0.5892 1.4465 0.0118, 0.5906 1.4567 0.0, 0.5906 1.4567 0.0118, 0.5906 1.5748 0.0118, 0.5906 1.5787 0.0, 0.748 1.5748 0.0827, 0.748 1.5787 0.0827, 0.6693 1.5748 0.0827, 0.6693 1.5787 0.0827, 0.6693 1.5748 0.0118, 0.6693 1.5787 0.0, 0.6693 1.4567 0.0118, 0.6693 1.4567 0.0, 0.6706 1.4465 0.0, 0.6706 1.4465 0.0118, 0.6746 1.437 0.0, 0.6746 1.437 0.0118, 0.6808 1.4289 0.0, 0.6808 1.4289 0.0118, 0.689 1.4226 0.0, 0.689 1.4226 0.0118, 0.6985 1.4187 0.0, 0.6985 1.4187 0.0118, 0.7087 1.4173 0.0, 0.7087 1.4173 0.0118, 0.7189 1.4187 0.0, 0.7189 1.4187 0.0118, 0.7283 1.4226 0.0, 0.7283 1.4226 0.0118, 0.7365 1.4289 0.0, 0.7365 1.4289 0.0118, 0.7428 1.437 0.0, 0.7428 1.437 0.0118, 0.7467 1.4465 0.0, 0.7467 1.4465 0.0118, 0.748 1.4567 0.0, 0.748 1.4567 0.0118, 0.748 1.5748 0.0118, 0.748 1.5787 0.0, 0.9055 1.5748 0.0827, 0.9055 1.5787 0.0827, 0.8268 1.5748 0.0827, 0.8268 1.5787 0.0827, 0.8268 1.5748 0.0118, 0.8268 1.5787 0.0, 0.8268 1.4567 0.0118, 0.8268 1.4567 0.0, 0.8281 1.4465 0.0, 0.8281 1.4465 0.0118, 0.832 1.437 0.0, 0.832 1.437 0.0118, 0.8383 1.4289 0.0, 0.8383 1.4289 0.0118, 0.8465 1.4226 0.0, 0.8465 1.4226 0.0118, 0.856 1.4187 0.0, 0.856 1.4187 0.0118, 0.8661 1.4173 0.0, 0.8661 1.4173 0.0118, 0.8763 1.4187 0.0, 0.8763 1.4187 0.0118, 0.8858 1.4226 0.0, 0.8858 1.4226 0.0118, 0.894 1.4289 0.0, 0.894 1.4289 0.0118, 0.9002 1.437 0.0, 0.9002 1.437 0.0118, 0.9042 1.4465 0.0, 0.9042 1.4465 0.0118, 0.9055 1.4567 0.0, 0.9055 1.4567 0.0118, 0.9055 1.5748 0.0118, 0.9055 1.5787 0.0, 1.063 1.5748 0.0827, 1.063 1.5787 0.0827, 0.9843 1.5748 0.0827, 0.9843 1.5787 0.0827, 0.9843 1.5748 0.0118, 0.9843 1.5787 0.0, 0.9843 1.4567 0.0118, 0.9843 1.4567 0.0, 0.9856 1.4465 0.0, 0.9856 1.4465 0.0118, 0.9895 1.437 0.0, 0.9895 1.437 0.0118, 0.9958 1.4289 0.0, 0.9958 1.4289 0.0118, 1.0039 1.4226 0.0, 1.0039 1.4226 0.0118, 1.0134 1.4187 0.0, 1.0134 1.4187 0.0118, 1.0236 1.4173 0.0, 1.0236 1.4173 0.0118, 1.0338 1.4187 0.0, 1.0338 1.4187 0.0118, 1.0433 1.4226 0.0, 1.0433 1.4226 0.0118, 1.0515 1.4289 0.0, 1.0515 1.4289 0.0118, 1.0577 1.437 0.0, 1.0577 1.437 0.0118, 1.0617 1.4465 0.0, 1.0617 1.4465 0.0118, 1.063 1.4567 0.0, 1.063 1.4567 0.0118, 1.063 1.5748 0.0118, 1.063 1.5787 0.0, 1.2205 1.5748 0.0827, 1.2205 1.5787 0.0827, 1.1417 1.5748 0.0827, 1.1417 1.5787 0.0827, 1.1417 1.5748 0.0118, 1.1417 1.5787 0.0, 1.1417 1.4567 0.0118, 1.1417 1.4567 0.0, 1.1431 1.4465 0.0, 1.1431 1.4465 0.0118, 1.147 1.437 0.0, 1.147 1.437 0.0118, 1.1533 1.4289 0.0, 1.1533 1.4289 0.0118, 1.1614 1.4226 0.0, 1.1614 1.4226 0.0118, 1.1709 1.4187 0.0, 1.1709 1.4187 0.0118, 1.1811 1.4173 0.0, 1.1811 1.4173 0.0118, 1.1913 1.4187 0.0, 1.1913 1.4187 0.0118, 1.2008 1.4226 0.0, 1.2008 1.4226 0.0118, 1.2089 1.4289 0.0, 1.2089 1.4289 0.0118, 1.2152 1.437 0.0, 1.2152 1.437 0.0118, 1.2191 1.4465 0.0, 1.2191 1.4465 0.0118, 1.2205 1.4567 0.0, 1.2205 1.4567 0.0118, 1.2205 1.5748 0.0118, 1.2205 1.5787 0.0, 1.5748 -0.1181 0.0827, 1.5787 -0.1181 0.0827, 1.5748 -0.0394 0.0827, 1.5787 -0.0394 0.0827, 1.5748 -0.0394 0.0118, 1.5787 -0.0394 0.0, 1.4567 -0.0394 0.0118, 1.4567 -0.0394 0.0, 1.4465 -0.0407 0.0, 1.4465 -0.0407 0.0118, 1.437 -0.0446 0.0, 1.437 -0.0446 0.0118, 1.4289 -0.0509 0.0, 1.4289 -0.0509 0.0118, 1.4226 -0.0591 0.0, 1.4226 -0.0591 0.0118, 1.4187 -0.0686 0.0, 1.4187 -0.0686 0.0118, 1.4173 -0.0787 0.0, 1.4173 -0.0787 0.0118, 1.4187 -0.0889 0.0, 1.4187 -0.0889 0.0118, 1.4226 -0.0984 0.0, 1.4226 -0.0984 0.0118, 1.4289 -0.1066 0.0, 1.4289 -0.1066 0.0118, 1.437 -0.1128 0.0, 1.437 -0.1128 0.0118, 1.4465 -0.1168 0.0, 1.4465 -0.1168 0.0118, 1.4567 -0.1181 0.0, 1.4567 -0.1181 0.0118, 1.5748 -0.1181 0.0118, 1.5787 -0.1181 0.0, 1.5748 0.0394 0.0827, 1.5787 0.0394 0.0827, 1.5748 0.1181 0.0827, 1.5787 0.1181 0.0827, 1.5748 0.1181 0.0118, 1.5787 0.1181 0.0, 1.4567 0.1181 0.0118, 1.4567 0.1181 0.0, 1.4465 0.1168 0.0, 1.4465 0.1168 0.0118, 1.437 0.1128 0.0, 1.437 0.1128 0.0118, 1.4289 0.1066 0.0, 1.4289 0.1066 0.0118, 1.4226 0.0984 0.0, 1.4226 0.0984 0.0118, 1.4187 0.0889 0.0, 1.4187 0.0889 0.0118, 1.4173 0.0787 0.0, 1.4173 0.0787 0.0118, 1.4187 0.0686 0.0, 1.4187 0.0686 0.0118, 1.4226 0.0591 0.0, 1.4226 0.0591 0.0118, 1.4289 0.0509 0.0, 1.4289 0.0509 0.0118, 1.437 0.0446 0.0, 1.437 0.0446 0.0118, 1.4465 0.0407 0.0, 1.4465 0.0407 0.0118, 1.4567 0.0394 0.0, 1.4567 0.0394 0.0118, 1.5748 0.0394 0.0118, 1.5787 0.0394 0.0, 1.5748 0.1969 0.0827, 1.5787 0.1969 0.0827, 1.5748 0.2756 0.0827, 1.5787 0.2756 0.0827, 1.5748 0.2756 0.0118, 1.5787 0.2756 0.0, 1.4567 0.2756 0.0118, 1.4567 0.2756 0.0, 1.4465 0.2742 0.0, 1.4465 0.2742 0.0118, 1.437 0.2703 0.0, 1.437 0.2703 0.0118, 1.4289 0.2641 0.0, 1.4289 0.2641 0.0118, 1.4226 0.2559 0.0, 1.4226 0.2559 0.0118, 1.4187 0.2464 0.0, 1.4187 0.2464 0.0118, 1.4173 0.2362 0.0, 1.4173 0.2362 0.0118, 1.4187 0.226 0.0, 1.4187 0.226 0.0118, 1.4226 0.2165 0.0, 1.4226 0.2165 0.0118, 1.4289 0.2084 0.0, 1.4289 0.2084 0.0118, 1.437 0.2021 0.0, 1.437 0.2021 0.0118, 1.4465 0.1982 0.0, 1.4465 0.1982 0.0118, 1.4567 0.1969 0.0, 1.4567 0.1969 0.0118, 1.5748 0.1969 0.0118, 1.5787 0.1969 0.0, 1.5748 0.3543 0.0827, 1.5787 0.3543 0.0827, 1.5748 0.4331 0.0827, 1.5787 0.4331 0.0827, 1.5748 0.4331 0.0118, 1.5787 0.4331 0.0, 1.4567 0.4331 0.0118, 1.4567 0.4331 0.0, 1.4465 0.4317 0.0, 1.4465 0.4317 0.0118, 1.437 0.4278 0.0, 1.437 0.4278 0.0118, 1.4289 0.4215 0.0, 1.4289 0.4215 0.0118, 1.4226 0.4134 0.0, 1.4226 0.4134 0.0118, 1.4187 0.4039 0.0, 1.4187 0.4039 0.0118, 1.4173 0.3937 0.0, 1.4173 0.3937 0.0118, 1.4187 0.3835 0.0, 1.4187 0.3835 0.0118, 1.4226 0.374 0.0, 1.4226 0.374 0.0118, 1.4289 0.3659 0.0, 1.4289 0.3659 0.0118, 1.437 0.3596 0.0, 1.437 0.3596 0.0118, 1.4465 0.3557 0.0, 1.4465 0.3557 0.0118, 1.4567 0.3543 0.0, 1.4567 0.3543 0.0118, 1.5748 0.3543 0.0118, 1.5787 0.3543 0.0, 1.5748 0.5118 0.0827, 1.5787 0.5118 0.0827, 1.5748 0.5906 0.0827, 1.5787 0.5906 0.0827, 1.5748 0.5906 0.0118, 1.5787 0.5906 0.0, 1.4567 0.5906 0.0118, 1.4567 0.5906 0.0, 1.4465 0.5892 0.0, 1.4465 0.5892 0.0118, 1.437 0.5853 0.0, 1.437 0.5853 0.0118, 1.4289 0.579 0.0, 1.4289 0.579 0.0118, 1.4226 0.5709 0.0, 1.4226 0.5709 0.0118, 1.4187 0.5614 0.0, 1.4187 0.5614 0.0118, 1.4173 0.5512 0.0, 1.4173 0.5512 0.0118, 1.4187 0.541 0.0, 1.4187 0.541 0.0118, 1.4226 0.5315 0.0, 1.4226 0.5315 0.0118, 1.4289 0.5233 0.0, 1.4289 0.5233 0.0118, 1.437 0.5171 0.0, 1.437 0.5171 0.0118, 1.4465 0.5132 0.0, 1.4465 0.5132 0.0118, 1.4567 0.5118 0.0, 1.4567 0.5118 0.0118, 1.5748 0.5118 0.0118, 1.5787 0.5118 0.0, 1.5748 0.6693 0.0827, 1.5787 0.6693 0.0827, 1.5748 0.748 0.0827, 1.5787 0.748 0.0827, 1.5748 0.748 0.0118, 1.5787 0.748 0.0, 1.4567 0.748 0.0118, 1.4567 0.748 0.0, 1.4465 0.7467 0.0, 1.4465 0.7467 0.0118, 1.437 0.7428 0.0, 1.437 0.7428 0.0118, 1.4289 0.7365 0.0, 1.4289 0.7365 0.0118, 1.4226 0.7283 0.0, 1.4226 0.7283 0.0118, 1.4187 0.7189 0.0, 1.4187 0.7189 0.0118, 1.4173 0.7087 0.0, 1.4173 0.7087 0.0118, 1.4187 0.6985 0.0, 1.4187 0.6985 0.0118, 1.4226 0.689 0.0, 1.4226 0.689 0.0118, 1.4289 0.6808 0.0, 1.4289 0.6808 0.0118, 1.437 0.6746 0.0, 1.437 0.6746 0.0118, 1.4465 0.6706 0.0, 1.4465 0.6706 0.0118, 1.4567 0.6693 0.0, 1.4567 0.6693 0.0118, 1.5748 0.6693 0.0118, 1.5787 0.6693 0.0, 1.5748 0.8268 0.0827, 1.5787 0.8268 0.0827, 1.5748 0.9055 0.0827, 1.5787 0.9055 0.0827, 1.5748 0.9055 0.0118, 1.5787 0.9055 0.0, 1.4567 0.9055 0.0118, 1.4567 0.9055 0.0, 1.4465 0.9042 0.0, 1.4465 0.9042 0.0118, 1.437 0.9002 0.0, 1.437 0.9002 0.0118, 1.4289 0.894 0.0, 1.4289 0.894 0.0118, 1.4226 0.8858 0.0, 1.4226 0.8858 0.0118, 1.4187 0.8763 0.0, 1.4187 0.8763 0.0118, 1.4173 0.8661 0.0, 1.4173 0.8661 0.0118, 1.4187 0.856 0.0, 1.4187 0.856 0.0118, 1.4226 0.8465 0.0, 1.4226 0.8465 0.0118, 1.4289 0.8383 0.0, 1.4289 0.8383 0.0118, 1.437 0.832 0.0, 1.437 0.832 0.0118, 1.4465 0.8281 0.0, 1.4465 0.8281 0.0118, 1.4567 0.8268 0.0, 1.4567 0.8268 0.0118, 1.5748 0.8268 0.0118, 1.5787 0.8268 0.0, 1.5748 0.9843 0.0827, 1.5787 0.9843 0.0827, 1.5748 1.063 0.0827, 1.5787 1.063 0.0827, 1.5748 1.063 0.0118, 1.5787 1.063 0.0, 1.4567 1.063 0.0118, 1.4567 1.063 0.0, 1.4465 1.0617 0.0, 1.4465 1.0617 0.0118, 1.437 1.0577 0.0, 1.437 1.0577 0.0118, 1.4289 1.0515 0.0, 1.4289 1.0515 0.0118, 1.4226 1.0433 0.0, 1.4226 1.0433 0.0118, 1.4187 1.0338 0.0, 1.4187 1.0338 0.0118, 1.4173 1.0236 0.0, 1.4173 1.0236 0.0118, 1.4187 1.0134 0.0, 1.4187 1.0134 0.0118, 1.4226 1.0039 0.0, 1.4226 1.0039 0.0118, 1.4289 0.9958 0.0, 1.4289 0.9958 0.0118, 1.437 0.9895 0.0, 1.437 0.9895 0.0118, 1.4465 0.9856 0.0, 1.4465 0.9856 0.0118, 1.4567 0.9843 0.0, 1.4567 0.9843 0.0118, 1.5748 0.9843 0.0118, 1.5787 0.9843 0.0, 1.5748 1.1417 0.0827, 1.5787 1.1417 0.0827, 1.5748 1.2205 0.0827, 1.5787 1.2205 0.0827, 1.5748 1.2205 0.0118, 1.5787 1.2205 0.0, 1.4567 1.2205 0.0118, 1.4567 1.2205 0.0, 1.4465 1.2191 0.0, 1.4465 1.2191 0.0118, 1.437 1.2152 0.0, 1.437 1.2152 0.0118, 1.4289 1.2089 0.0, 1.4289 1.2089 0.0118, 1.4226 1.2008 0.0, 1.4226 1.2008 0.0118, 1.4187 1.1913 0.0, 1.4187 1.1913 0.0118, 1.4173 1.1811 0.0, 1.4173 1.1811 0.0118, 1.4187 1.1709 0.0, 1.4187 1.1709 0.0118, 1.4226 1.1614 0.0, 1.4226 1.1614 0.0118, 1.4289 1.1533 0.0, 1.4289 1.1533 0.0118, 1.437 1.147 0.0, 1.437 1.147 0.0118, 1.4465 1.1431 0.0, 1.4465 1.1431 0.0118, 1.4567 1.1417 0.0, 1.4567 1.1417 0.0118, 1.5748 1.1417 0.0118, 1.5787 1.1417 0.0, 1.5748 -0.2756 0.0827, 1.5787 -0.2756 0.0827, 1.5748 -0.1969 0.0827, 1.5787 -0.1969 0.0827, 1.5748 -0.1969 0.0118, 1.5787 -0.1969 0.0, 1.4567 -0.1969 0.0118, 1.4567 -0.1969 0.0, 1.4465 -0.1982 0.0, 1.4465 -0.1982 0.0118, 1.437 -0.2021 0.0, 1.437 -0.2021 0.0118, 1.4289 -0.2084 0.0, 1.4289 -0.2084 0.0118, 1.4226 -0.2165 0.0, 1.4226 -0.2165 0.0118, 1.4187 -0.226 0.0, 1.4187 -0.226 0.0118, 1.4173 -0.2362 0.0, 1.4173 -0.2362 0.0118, 1.4187 -0.2464 0.0, 1.4187 -0.2464 0.0118, 1.4226 -0.2559 0.0, 1.4226 -0.2559 0.0118, 1.4289 -0.2641 0.0, 1.4289 -0.2641 0.0118, 1.437 -0.2703 0.0, 1.437 -0.2703 0.0118, 1.4465 -0.2742 0.0, 1.4465 -0.2742 0.0118, 1.4567 -0.2756 0.0, 1.4567 -0.2756 0.0118, 1.5748 -0.2756 0.0118, 1.5787 -0.2756 0.0, 1.5748 -0.4331 0.0827, 1.5787 -0.4331 0.0827, 1.5748 -0.3543 0.0827, 1.5787 -0.3543 0.0827, 1.5748 -0.3543 0.0118, 1.5787 -0.3543 0.0, 1.4567 -0.3543 0.0118, 1.4567 -0.3543 0.0, 1.4465 -0.3557 0.0, 1.4465 -0.3557 0.0118, 1.437 -0.3596 0.0, 1.437 -0.3596 0.0118, 1.4289 -0.3659 0.0, 1.4289 -0.3659 0.0118, 1.4226 -0.374 0.0, 1.4226 -0.374 0.0118, 1.4187 -0.3835 0.0, 1.4187 -0.3835 0.0118, 1.4173 -0.3937 0.0, 1.4173 -0.3937 0.0118, 1.4187 -0.4039 0.0, 1.4187 -0.4039 0.0118, 1.4226 -0.4134 0.0, 1.4226 -0.4134 0.0118, 1.4289 -0.4215 0.0, 1.4289 -0.4215 0.0118, 1.437 -0.4278 0.0, 1.437 -0.4278 0.0118, 1.4465 -0.4317 0.0, 1.4465 -0.4317 0.0118, 1.4567 -0.4331 0.0, 1.4567 -0.4331 0.0118, 1.5748 -0.4331 0.0118, 1.5787 -0.4331 0.0, 1.5748 -0.5906 0.0827, 1.5787 -0.5906 0.0827, 1.5748 -0.5118 0.0827, 1.5787 -0.5118 0.0827, 1.5748 -0.5118 0.0118, 1.5787 -0.5118 0.0, 1.4567 -0.5118 0.0118, 1.4567 -0.5118 0.0, 1.4465 -0.5132 0.0, 1.4465 -0.5132 0.0118, 1.437 -0.5171 0.0, 1.437 -0.5171 0.0118, 1.4289 -0.5233 0.0, 1.4289 -0.5233 0.0118, 1.4226 -0.5315 0.0, 1.4226 -0.5315 0.0118, 1.4187 -0.541 0.0, 1.4187 -0.541 0.0118, 1.4173 -0.5512 0.0, 1.4173 -0.5512 0.0118, 1.4187 -0.5614 0.0, 1.4187 -0.5614 0.0118, 1.4226 -0.5709 0.0, 1.4226 -0.5709 0.0118, 1.4289 -0.579 0.0, 1.4289 -0.579 0.0118, 1.437 -0.5853 0.0, 1.437 -0.5853 0.0118, 1.4465 -0.5892 0.0, 1.4465 -0.5892 0.0118, 1.4567 -0.5906 0.0, 1.4567 -0.5906 0.0118, 1.5748 -0.5906 0.0118, 1.5787 -0.5906 0.0, 1.5748 -0.748 0.0827, 1.5787 -0.748 0.0827, 1.5748 -0.6693 0.0827, 1.5787 -0.6693 0.0827, 1.5748 -0.6693 0.0118, 1.5787 -0.6693 0.0, 1.4567 -0.6693 0.0118, 1.4567 -0.6693 0.0, 1.4465 -0.6706 0.0, 1.4465 -0.6706 0.0118, 1.437 -0.6746 0.0, 1.437 -0.6746 0.0118, 1.4289 -0.6808 0.0, 1.4289 -0.6808 0.0118, 1.4226 -0.689 0.0, 1.4226 -0.689 0.0118, 1.4187 -0.6985 0.0, 1.4187 -0.6985 0.0118, 1.4173 -0.7087 0.0, 1.4173 -0.7087 0.0118, 1.4187 -0.7189 0.0, 1.4187 -0.7189 0.0118, 1.4226 -0.7283 0.0, 1.4226 -0.7283 0.0118, 1.4289 -0.7365 0.0, 1.4289 -0.7365 0.0118, 1.437 -0.7428 0.0, 1.437 -0.7428 0.0118, 1.4465 -0.7467 0.0, 1.4465 -0.7467 0.0118, 1.4567 -0.748 0.0, 1.4567 -0.748 0.0118, 1.5748 -0.748 0.0118, 1.5787 -0.748 0.0, 1.5748 -0.9055 0.0827, 1.5787 -0.9055 0.0827, 1.5748 -0.8268 0.0827, 1.5787 -0.8268 0.0827, 1.5748 -0.8268 0.0118, 1.5787 -0.8268 0.0, 1.4567 -0.8268 0.0118, 1.4567 -0.8268 0.0, 1.4465 -0.8281 0.0, 1.4465 -0.8281 0.0118, 1.437 -0.832 0.0, 1.437 -0.832 0.0118, 1.4289 -0.8383 0.0, 1.4289 -0.8383 0.0118, 1.4226 -0.8465 0.0, 1.4226 -0.8465 0.0118, 1.4187 -0.856 0.0, 1.4187 -0.856 0.0118, 1.4173 -0.8661 0.0, 1.4173 -0.8661 0.0118, 1.4187 -0.8763 0.0, 1.4187 -0.8763 0.0118, 1.4226 -0.8858 0.0, 1.4226 -0.8858 0.0118, 1.4289 -0.894 0.0, 1.4289 -0.894 0.0118, 1.437 -0.9002 0.0, 1.437 -0.9002 0.0118, 1.4465 -0.9042 0.0, 1.4465 -0.9042 0.0118, 1.4567 -0.9055 0.0, 1.4567 -0.9055 0.0118, 1.5748 -0.9055 0.0118, 1.5787 -0.9055 0.0, 1.5748 -1.063 0.0827, 1.5787 -1.063 0.0827, 1.5748 -0.9843 0.0827, 1.5787 -0.9843 0.0827, 1.5748 -0.9843 0.0118, 1.5787 -0.9843 0.0, 1.4567 -0.9843 0.0118, 1.4567 -0.9843 0.0, 1.4465 -0.9856 0.0, 1.4465 -0.9856 0.0118, 1.437 -0.9895 0.0, 1.437 -0.9895 0.0118, 1.4289 -0.9958 0.0, 1.4289 -0.9958 0.0118, 1.4226 -1.0039 0.0, 1.4226 -1.0039 0.0118, 1.4187 -1.0134 0.0, 1.4187 -1.0134 0.0118, 1.4173 -1.0236 0.0, 1.4173 -1.0236 0.0118, 1.4187 -1.0338 0.0, 1.4187 -1.0338 0.0118, 1.4226 -1.0433 0.0, 1.4226 -1.0433 0.0118, 1.4289 -1.0515 0.0, 1.4289 -1.0515 0.0118, 1.437 -1.0577 0.0, 1.437 -1.0577 0.0118, 1.4465 -1.0617 0.0, 1.4465 -1.0617 0.0118, 1.4567 -1.063 0.0, 1.4567 -1.063 0.0118, 1.5748 -1.063 0.0118, 1.5787 -1.063 0.0, 1.5748 -1.2205 0.0827, 1.5787 -1.2205 0.0827, 1.5748 -1.1417 0.0827, 1.5787 -1.1417 0.0827, 1.5748 -1.1417 0.0118, 1.5787 -1.1417 0.0, 1.4567 -1.1417 0.0118, 1.4567 -1.1417 0.0, 1.4465 -1.1431 0.0, 1.4465 -1.1431 0.0118, 1.437 -1.147 0.0, 1.437 -1.147 0.0118, 1.4289 -1.1533 0.0, 1.4289 -1.1533 0.0118, 1.4226 -1.1614 0.0, 1.4226 -1.1614 0.0118, 1.4187 -1.1709 0.0, 1.4187 -1.1709 0.0118, 1.4173 -1.1811 0.0, 1.4173 -1.1811 0.0118, 1.4187 -1.1913 0.0, 1.4187 -1.1913 0.0118, 1.4226 -1.2008 0.0, 1.4226 -1.2008 0.0118, 1.4289 -1.2089 0.0, 1.4289 -1.2089 0.0118, 1.437 -1.2152 0.0, 1.437 -1.2152 0.0118, 1.4465 -1.2191 0.0, 1.4465 -1.2191 0.0118, 1.4567 -1.2205 0.0, 1.4567 -1.2205 0.0118, 1.5748 -1.2205 0.0118, 1.5787 -1.2205 0.0, -0.1181 -1.5748 0.0827, -0.1181 -1.5787 0.0827, -0.0394 -1.5748 0.0827, -0.0394 -1.5787 0.0827, -0.0394 -1.5748 0.0118, -0.0394 -1.5787 0.0, -0.0394 -1.4567 0.0118, -0.0394 -1.4567 0.0, -0.0407 -1.4465 0.0, -0.0407 -1.4465 0.0118, -0.0446 -1.437 0.0, -0.0446 -1.437 0.0118, -0.0509 -1.4289 0.0, -0.0509 -1.4289 0.0118, -0.0591 -1.4226 0.0, -0.0591 -1.4226 0.0118, -0.0686 -1.4187 0.0, -0.0686 -1.4187 0.0118, -0.0787 -1.4173 0.0, -0.0787 -1.4173 0.0118, -0.0889 -1.4187 0.0, -0.0889 -1.4187 0.0118, -0.0984 -1.4226 0.0, -0.0984 -1.4226 0.0118, -0.1066 -1.4289 0.0, -0.1066 -1.4289 0.0118, -0.1128 -1.437 0.0, -0.1128 -1.437 0.0118, -0.1168 -1.4465 0.0, -0.1168 -1.4465 0.0118, -0.1181 -1.4567 0.0, -0.1181 -1.4567 0.0118, -0.1181 -1.5748 0.0118, -0.1181 -1.5787 0.0, 0.0394 -1.5748 0.0827, 0.0394 -1.5787 0.0827, 0.1181 -1.5748 0.0827, 0.1181 -1.5787 0.0827, 0.1181 -1.5748 0.0118, 0.1181 -1.5787 0.0, 0.1181 -1.4567 0.0118, 0.1181 -1.4567 0.0, 0.1168 -1.4465 0.0, 0.1168 -1.4465 0.0118, 0.1128 -1.437 0.0, 0.1128 -1.437 0.0118, 0.1066 -1.4289 0.0, 0.1066 -1.4289 0.0118, 0.0984 -1.4226 0.0, 0.0984 -1.4226 0.0118, 0.0889 -1.4187 0.0, 0.0889 -1.4187 0.0118, 0.0787 -1.4173 0.0, 0.0787 -1.4173 0.0118, 0.0686 -1.4187 0.0, 0.0686 -1.4187 0.0118, 0.0591 -1.4226 0.0, 0.0591 -1.4226 0.0118, 0.0509 -1.4289 0.0, 0.0509 -1.4289 0.0118, 0.0446 -1.437 0.0, 0.0446 -1.437 0.0118, 0.0407 -1.4465 0.0, 0.0407 -1.4465 0.0118, 0.0394 -1.4567 0.0, 0.0394 -1.4567 0.0118, 0.0394 -1.5748 0.0118, 0.0394 -1.5787 0.0, 0.1969 -1.5748 0.0827, 0.1969 -1.5787 0.0827, 0.2756 -1.5748 0.0827, 0.2756 -1.5787 0.0827, 0.2756 -1.5748 0.0118, 0.2756 -1.5787 0.0, 0.2756 -1.4567 0.0118, 0.2756 -1.4567 0.0, 0.2742 -1.4465 0.0, 0.2742 -1.4465 0.0118, 0.2703 -1.437 0.0, 0.2703 -1.437 0.0118, 0.2641 -1.4289 0.0, 0.2641 -1.4289 0.0118, 0.2559 -1.4226 0.0, 0.2559 -1.4226 0.0118, 0.2464 -1.4187 0.0, 0.2464 -1.4187 0.0118, 0.2362 -1.4173 0.0, 0.2362 -1.4173 0.0118, 0.226 -1.4187 0.0, 0.226 -1.4187 0.0118, 0.2165 -1.4226 0.0, 0.2165 -1.4226 0.0118, 0.2084 -1.4289 0.0, 0.2084 -1.4289 0.0118, 0.2021 -1.437 0.0, 0.2021 -1.437 0.0118, 0.1982 -1.4465 0.0, 0.1982 -1.4465 0.0118, 0.1969 -1.4567 0.0, 0.1969 -1.4567 0.0118, 0.1969 -1.5748 0.0118, 0.1969 -1.5787 0.0, 0.3543 -1.5748 0.0827, 0.3543 -1.5787 0.0827, 0.4331 -1.5748 0.0827, 0.4331 -1.5787 0.0827, 0.4331 -1.5748 0.0118, 0.4331 -1.5787 0.0, 0.4331 -1.4567 0.0118, 0.4331 -1.4567 0.0, 0.4317 -1.4465 0.0, 0.4317 -1.4465 0.0118, 0.4278 -1.437 0.0, 0.4278 -1.437 0.0118, 0.4215 -1.4289 0.0, 0.4215 -1.4289 0.0118, 0.4134 -1.4226 0.0, 0.4134 -1.4226 0.0118, 0.4039 -1.4187 0.0, 0.4039 -1.4187 0.0118, 0.3937 -1.4173 0.0, 0.3937 -1.4173 0.0118, 0.3835 -1.4187 0.0, 0.3835 -1.4187 0.0118, 0.374 -1.4226 0.0, 0.374 -1.4226 0.0118, 0.3659 -1.4289 0.0, 0.3659 -1.4289 0.0118, 0.3596 -1.437 0.0, 0.3596 -1.437 0.0118, 0.3557 -1.4465 0.0, 0.3557 -1.4465 0.0118, 0.3543 -1.4567 0.0, 0.3543 -1.4567 0.0118, 0.3543 -1.5748 0.0118, 0.3543 -1.5787 0.0, 0.5118 -1.5748 0.0827, 0.5118 -1.5787 0.0827, 0.5906 -1.5748 0.0827, 0.5906 -1.5787 0.0827, 0.5906 -1.5748 0.0118, 0.5906 -1.5787 0.0, 0.5906 -1.4567 0.0118, 0.5906 -1.4567 0.0, 0.5892 -1.4465 0.0, 0.5892 -1.4465 0.0118, 0.5853 -1.437 0.0, 0.5853 -1.437 0.0118, 0.579 -1.4289 0.0, 0.579 -1.4289 0.0118, 0.5709 -1.4226 0.0, 0.5709 -1.4226 0.0118, 0.5614 -1.4187 0.0, 0.5614 -1.4187 0.0118, 0.5512 -1.4173 0.0, 0.5512 -1.4173 0.0118, 0.541 -1.4187 0.0, 0.541 -1.4187 0.0118, 0.5315 -1.4226 0.0, 0.5315 -1.4226 0.0118, 0.5233 -1.4289 0.0, 0.5233 -1.4289 0.0118, 0.5171 -1.437 0.0, 0.5171 -1.437 0.0118, 0.5132 -1.4465 0.0, 0.5132 -1.4465 0.0118, 0.5118 -1.4567 0.0, 0.5118 -1.4567 0.0118, 0.5118 -1.5748 0.0118, 0.5118 -1.5787 0.0, 0.6693 -1.5748 0.0827, 0.6693 -1.5787 0.0827, 0.748 -1.5748 0.0827, 0.748 -1.5787 0.0827, 0.748 -1.5748 0.0118, 0.748 -1.5787 0.0, 0.748 -1.4567 0.0118, 0.748 -1.4567 0.0, 0.7467 -1.4465 0.0, 0.7467 -1.4465 0.0118, 0.7428 -1.437 0.0, 0.7428 -1.437 0.0118, 0.7365 -1.4289 0.0, 0.7365 -1.4289 0.0118, 0.7283 -1.4226 0.0, 0.7283 -1.4226 0.0118, 0.7189 -1.4187 0.0, 0.7189 -1.4187 0.0118, 0.7087 -1.4173 0.0, 0.7087 -1.4173 0.0118, 0.6985 -1.4187 0.0, 0.6985 -1.4187 0.0118, 0.689 -1.4226 0.0, 0.689 -1.4226 0.0118, 0.6808 -1.4289 0.0, 0.6808 -1.4289 0.0118, 0.6746 -1.437 0.0, 0.6746 -1.437 0.0118, 0.6706 -1.4465 0.0, 0.6706 -1.4465 0.0118, 0.6693 -1.4567 0.0, 0.6693 -1.4567 0.0118, 0.6693 -1.5748 0.0118, 0.6693 -1.5787 0.0, 0.8268 -1.5748 0.0827, 0.8268 -1.5787 0.0827, 0.9055 -1.5748 0.0827, 0.9055 -1.5787 0.0827, 0.9055 -1.5748 0.0118, 0.9055 -1.5787 0.0, 0.9055 -1.4567 0.0118, 0.9055 -1.4567 0.0, 0.9042 -1.4465 0.0, 0.9042 -1.4465 0.0118, 0.9002 -1.437 0.0, 0.9002 -1.437 0.0118, 0.894 -1.4289 0.0, 0.894 -1.4289 0.0118, 0.8858 -1.4226 0.0, 0.8858 -1.4226 0.0118, 0.8763 -1.4187 0.0, 0.8763 -1.4187 0.0118, 0.8661 -1.4173 0.0, 0.8661 -1.4173 0.0118, 0.856 -1.4187 0.0, 0.856 -1.4187 0.0118, 0.8465 -1.4226 0.0, 0.8465 -1.4226 0.0118, 0.8383 -1.4289 0.0, 0.8383 -1.4289 0.0118, 0.832 -1.437 0.0, 0.832 -1.437 0.0118, 0.8281 -1.4465 0.0, 0.8281 -1.4465 0.0118, 0.8268 -1.4567 0.0, 0.8268 -1.4567 0.0118, 0.8268 -1.5748 0.0118, 0.8268 -1.5787 0.0, 0.9843 -1.5748 0.0827, 0.9843 -1.5787 0.0827, 1.063 -1.5748 0.0827, 1.063 -1.5787 0.0827, 1.063 -1.5748 0.0118, 1.063 -1.5787 0.0, 1.063 -1.4567 0.0118, 1.063 -1.4567 0.0, 1.0617 -1.4465 0.0, 1.0617 -1.4465 0.0118, 1.0577 -1.437 0.0, 1.0577 -1.437 0.0118, 1.0515 -1.4289 0.0, 1.0515 -1.4289 0.0118, 1.0433 -1.4226 0.0, 1.0433 -1.4226 0.0118, 1.0338 -1.4187 0.0, 1.0338 -1.4187 0.0118, 1.0236 -1.4173 0.0, 1.0236 -1.4173 0.0118, 1.0134 -1.4187 0.0, 1.0134 -1.4187 0.0118, 1.0039 -1.4226 0.0, 1.0039 -1.4226 0.0118, 0.9958 -1.4289 0.0, 0.9958 -1.4289 0.0118, 0.9895 -1.437 0.0, 0.9895 -1.437 0.0118, 0.9856 -1.4465 0.0, 0.9856 -1.4465 0.0118, 0.9843 -1.4567 0.0, 0.9843 -1.4567 0.0118, 0.9843 -1.5748 0.0118, 0.9843 -1.5787 0.0, 1.1417 -1.5748 0.0827, 1.1417 -1.5787 0.0827, 1.2205 -1.5748 0.0827, 1.2205 -1.5787 0.0827, 1.2205 -1.5748 0.0118, 1.2205 -1.5787 0.0, 1.2205 -1.4567 0.0118, 1.2205 -1.4567 0.0, 1.2191 -1.4465 0.0, 1.2191 -1.4465 0.0118, 1.2152 -1.437 0.0, 1.2152 -1.437 0.0118, 1.2089 -1.4289 0.0, 1.2089 -1.4289 0.0118, 1.2008 -1.4226 0.0, 1.2008 -1.4226 0.0118, 1.1913 -1.4187 0.0, 1.1913 -1.4187 0.0118, 1.1811 -1.4173 0.0, 1.1811 -1.4173 0.0118, 1.1709 -1.4187 0.0, 1.1709 -1.4187 0.0118, 1.1614 -1.4226 0.0, 1.1614 -1.4226 0.0118, 1.1533 -1.4289 0.0, 1.1533 -1.4289 0.0118, 1.147 -1.437 0.0, 1.147 -1.437 0.0118, 1.1431 -1.4465 0.0, 1.1431 -1.4465 0.0118, 1.1417 -1.4567 0.0, 1.1417 -1.4567 0.0118, 1.1417 -1.5748 0.0118, 1.1417 -1.5787 0.0, -0.2756 -1.5748 0.0827, -0.2756 -1.5787 0.0827, -0.1969 -1.5748 0.0827, -0.1969 -1.5787 0.0827, -0.1969 -1.5748 0.0118, -0.1969 -1.5787 0.0, -0.1969 -1.4567 0.0118, -0.1969 -1.4567 0.0, -0.1982 -1.4465 0.0, -0.1982 -1.4465 0.0118, -0.2021 -1.437 0.0, -0.2021 -1.437 0.0118, -0.2084 -1.4289 0.0, -0.2084 -1.4289 0.0118, -0.2165 -1.4226 0.0, -0.2165 -1.4226 0.0118, -0.226 -1.4187 0.0, -0.226 -1.4187 0.0118, -0.2362 -1.4173 0.0, -0.2362 -1.4173 0.0118, -0.2464 -1.4187 0.0, -0.2464 -1.4187 0.0118, -0.2559 -1.4226 0.0, -0.2559 -1.4226 0.0118, -0.2641 -1.4289 0.0, -0.2641 -1.4289 0.0118, -0.2703 -1.437 0.0, -0.2703 -1.437 0.0118, -0.2742 -1.4465 0.0, -0.2742 -1.4465 0.0118, -0.2756 -1.4567 0.0, -0.2756 -1.4567 0.0118, -0.2756 -1.5748 0.0118, -0.2756 -1.5787 0.0, -0.4331 -1.5748 0.0827, -0.4331 -1.5787 0.0827, -0.3543 -1.5748 0.0827, -0.3543 -1.5787 0.0827, -0.3543 -1.5748 0.0118, -0.3543 -1.5787 0.0, -0.3543 -1.4567 0.0118, -0.3543 -1.4567 0.0, -0.3557 -1.4465 0.0, -0.3557 -1.4465 0.0118, -0.3596 -1.437 0.0, -0.3596 -1.437 0.0118, -0.3659 -1.4289 0.0, -0.3659 -1.4289 0.0118, -0.374 -1.4226 0.0, -0.374 -1.4226 0.0118, -0.3835 -1.4187 0.0, -0.3835 -1.4187 0.0118, -0.3937 -1.4173 0.0, -0.3937 -1.4173 0.0118, -0.4039 -1.4187 0.0, -0.4039 -1.4187 0.0118, -0.4134 -1.4226 0.0, -0.4134 -1.4226 0.0118, -0.4215 -1.4289 0.0, -0.4215 -1.4289 0.0118, -0.4278 -1.437 0.0, -0.4278 -1.437 0.0118, -0.4317 -1.4465 0.0, -0.4317 -1.4465 0.0118, -0.4331 -1.4567 0.0, -0.4331 -1.4567 0.0118, -0.4331 -1.5748 0.0118, -0.4331 -1.5787 0.0, -0.5906 -1.5748 0.0827, -0.5906 -1.5787 0.0827, -0.5118 -1.5748 0.0827, -0.5118 -1.5787 0.0827, -0.5118 -1.5748 0.0118, -0.5118 -1.5787 0.0, -0.5118 -1.4567 0.0118, -0.5118 -1.4567 0.0, -0.5132 -1.4465 0.0, -0.5132 -1.4465 0.0118, -0.5171 -1.437 0.0, -0.5171 -1.437 0.0118, -0.5233 -1.4289 0.0, -0.5233 -1.4289 0.0118, -0.5315 -1.4226 0.0, -0.5315 -1.4226 0.0118, -0.541 -1.4187 0.0, -0.541 -1.4187 0.0118, -0.5512 -1.4173 0.0, -0.5512 -1.4173 0.0118, -0.5614 -1.4187 0.0, -0.5614 -1.4187 0.0118, -0.5709 -1.4226 0.0, -0.5709 -1.4226 0.0118, -0.579 -1.4289 0.0, -0.579 -1.4289 0.0118, -0.5853 -1.437 0.0, -0.5853 -1.437 0.0118, -0.5892 -1.4465 0.0, -0.5892 -1.4465 0.0118, -0.5906 -1.4567 0.0, -0.5906 -1.4567 0.0118, -0.5906 -1.5748 0.0118, -0.5906 -1.5787 0.0, -0.748 -1.5748 0.0827, -0.748 -1.5787 0.0827, -0.6693 -1.5748 0.0827, -0.6693 -1.5787 0.0827, -0.6693 -1.5748 0.0118, -0.6693 -1.5787 0.0, -0.6693 -1.4567 0.0118, -0.6693 -1.4567 0.0, -0.6706 -1.4465 0.0, -0.6706 -1.4465 0.0118, -0.6746 -1.437 0.0, -0.6746 -1.437 0.0118, -0.6808 -1.4289 0.0, -0.6808 -1.4289 0.0118, -0.689 -1.4226 0.0, -0.689 -1.4226 0.0118, -0.6985 -1.4187 0.0, -0.6985 -1.4187 0.0118, -0.7087 -1.4173 0.0, -0.7087 -1.4173 0.0118, -0.7189 -1.4187 0.0, -0.7189 -1.4187 0.0118, -0.7283 -1.4226 0.0, -0.7283 -1.4226 0.0118, -0.7365 -1.4289 0.0, -0.7365 -1.4289 0.0118, -0.7428 -1.437 0.0, -0.7428 -1.437 0.0118, -0.7467 -1.4465 0.0, -0.7467 -1.4465 0.0118, -0.748 -1.4567 0.0, -0.748 -1.4567 0.0118, -0.748 -1.5748 0.0118, -0.748 -1.5787 0.0, -0.9055 -1.5748 0.0827, -0.9055 -1.5787 0.0827, -0.8268 -1.5748 0.0827, -0.8268 -1.5787 0.0827, -0.8268 -1.5748 0.0118, -0.8268 -1.5787 0.0, -0.8268 -1.4567 0.0118, -0.8268 -1.4567 0.0, -0.8281 -1.4465 0.0, -0.8281 -1.4465 0.0118, -0.832 -1.437 0.0, -0.832 -1.437 0.0118, -0.8383 -1.4289 0.0, -0.8383 -1.4289 0.0118, -0.8465 -1.4226 0.0, -0.8465 -1.4226 0.0118, -0.856 -1.4187 0.0, -0.856 -1.4187 0.0118, -0.8661 -1.4173 0.0, -0.8661 -1.4173 0.0118, -0.8763 -1.4187 0.0, -0.8763 -1.4187 0.0118, -0.8858 -1.4226 0.0, -0.8858 -1.4226 0.0118, -0.894 -1.4289 0.0, -0.894 -1.4289 0.0118, -0.9002 -1.437 0.0, -0.9002 -1.437 0.0118, -0.9042 -1.4465 0.0, -0.9042 -1.4465 0.0118, -0.9055 -1.4567 0.0, -0.9055 -1.4567 0.0118, -0.9055 -1.5748 0.0118, -0.9055 -1.5787 0.0, -1.063 -1.5748 0.0827, -1.063 -1.5787 0.0827, -0.9843 -1.5748 0.0827, -0.9843 -1.5787 0.0827, -0.9843 -1.5748 0.0118, -0.9843 -1.5787 0.0, -0.9843 -1.4567 0.0118, -0.9843 -1.4567 0.0, -0.9856 -1.4465 0.0, -0.9856 -1.4465 0.0118, -0.9895 -1.437 0.0, -0.9895 -1.437 0.0118, -0.9958 -1.4289 0.0, -0.9958 -1.4289 0.0118, -1.0039 -1.4226 0.0, -1.0039 -1.4226 0.0118, -1.0134 -1.4187 0.0, -1.0134 -1.4187 0.0118, -1.0236 -1.4173 0.0, -1.0236 -1.4173 0.0118, -1.0338 -1.4187 0.0, -1.0338 -1.4187 0.0118, -1.0433 -1.4226 0.0, -1.0433 -1.4226 0.0118, -1.0515 -1.4289 0.0, -1.0515 -1.4289 0.0118, -1.0577 -1.437 0.0, -1.0577 -1.437 0.0118, -1.0617 -1.4465 0.0, -1.0617 -1.4465 0.0118, -1.063 -1.4567 0.0, -1.063 -1.4567 0.0118, -1.063 -1.5748 0.0118, -1.063 -1.5787 0.0, -1.2205 -1.5748 0.0827, -1.2205 -1.5787 0.0827, -1.1417 -1.5748 0.0827, -1.1417 -1.5787 0.0827, -1.1417 -1.5748 0.0118, -1.1417 -1.5787 0.0, -1.1417 -1.4567 0.0118, -1.1417 -1.4567 0.0, -1.1431 -1.4465 0.0, -1.1431 -1.4465 0.0118, -1.147 -1.437 0.0, -1.147 -1.437 0.0118, -1.1533 -1.4289 0.0, -1.1533 -1.4289 0.0118, -1.1614 -1.4226 0.0, -1.1614 -1.4226 0.0118, -1.1709 -1.4187 0.0, -1.1709 -1.4187 0.0118, -1.1811 -1.4173 0.0, -1.1811 -1.4173 0.0118, -1.1913 -1.4187 0.0, -1.1913 -1.4187 0.0118, -1.2008 -1.4226 0.0, -1.2008 -1.4226 0.0118, -1.2089 -1.4289 0.0, -1.2089 -1.4289 0.0118, -1.2152 -1.437 0.0, -1.2152 -1.437 0.0118, -1.2191 -1.4465 0.0, -1.2191 -1.4465 0.0118, -1.2205 -1.4567 0.0, -1.2205 -1.4567 0.0118, -1.2205 -1.5748 0.0118, -1.2205 -1.5787 0.0, -1.5748 0.1181 0.0827, -1.5787 0.1181 0.0827, -1.5748 0.0394 0.0827, -1.5787 0.0394 0.0827, -1.5748 0.0394 0.0118, -1.5787 0.0394 0.0, -1.4567 0.0394 0.0118, -1.4567 0.0394 0.0, -1.4465 0.0407 0.0, -1.4465 0.0407 0.0118, -1.437 0.0446 0.0, -1.437 0.0446 0.0118, -1.4289 0.0509 0.0, -1.4289 0.0509 0.0118, -1.4226 0.0591 0.0, -1.4226 0.0591 0.0118, -1.4187 0.0686 0.0, -1.4187 0.0686 0.0118, -1.4173 0.0787 0.0, -1.4173 0.0787 0.0118, -1.4187 0.0889 0.0, -1.4187 0.0889 0.0118, -1.4226 0.0984 0.0, -1.4226 0.0984 0.0118, -1.4289 0.1066 0.0, -1.4289 0.1066 0.0118, -1.437 0.1128 0.0, -1.437 0.1128 0.0118, -1.4465 0.1168 0.0, -1.4465 0.1168 0.0118, -1.4567 0.1181 0.0, -1.4567 0.1181 0.0118, -1.5748 0.1181 0.0118, -1.5787 0.1181 0.0, -1.5748 -0.0394 0.0827, -1.5787 -0.0394 0.0827, -1.5748 -0.1181 0.0827, -1.5787 -0.1181 0.0827, -1.5748 -0.1181 0.0118, -1.5787 -0.1181 0.0, -1.4567 -0.1181 0.0118, -1.4567 -0.1181 0.0, -1.4465 -0.1168 0.0, -1.4465 -0.1168 0.0118, -1.437 -0.1128 0.0, -1.437 -0.1128 0.0118, -1.4289 -0.1066 0.0, -1.4289 -0.1066 0.0118, -1.4226 -0.0984 0.0, -1.4226 -0.0984 0.0118, -1.4187 -0.0889 0.0, -1.4187 -0.0889 0.0118, -1.4173 -0.0787 0.0, -1.4173 -0.0787 0.0118, -1.4187 -0.0686 0.0, -1.4187 -0.0686 0.0118, -1.4226 -0.0591 0.0, -1.4226 -0.0591 0.0118, -1.4289 -0.0509 0.0, -1.4289 -0.0509 0.0118, -1.437 -0.0446 0.0, -1.437 -0.0446 0.0118, -1.4465 -0.0407 0.0, -1.4465 -0.0407 0.0118, -1.4567 -0.0394 0.0, -1.4567 -0.0394 0.0118, -1.5748 -0.0394 0.0118, -1.5787 -0.0394 0.0, -1.5748 -0.1969 0.0827, -1.5787 -0.1969 0.0827, -1.5748 -0.2756 0.0827, -1.5787 -0.2756 0.0827, -1.5748 -0.2756 0.0118, -1.5787 -0.2756 0.0, -1.4567 -0.2756 0.0118, -1.4567 -0.2756 0.0, -1.4465 -0.2742 0.0, -1.4465 -0.2742 0.0118, -1.437 -0.2703 0.0, -1.437 -0.2703 0.0118, -1.4289 -0.2641 0.0, -1.4289 -0.2641 0.0118, -1.4226 -0.2559 0.0, -1.4226 -0.2559 0.0118, -1.4187 -0.2464 0.0, -1.4187 -0.2464 0.0118, -1.4173 -0.2362 0.0, -1.4173 -0.2362 0.0118, -1.4187 -0.226 0.0, -1.4187 -0.226 0.0118, -1.4226 -0.2165 0.0, -1.4226 -0.2165 0.0118, -1.4289 -0.2084 0.0, -1.4289 -0.2084 0.0118, -1.437 -0.2021 0.0, -1.437 -0.2021 0.0118, -1.4465 -0.1982 0.0, -1.4465 -0.1982 0.0118, -1.4567 -0.1969 0.0, -1.4567 -0.1969 0.0118, -1.5748 -0.1969 0.0118, -1.5787 -0.1969 0.0, -1.5748 -0.3543 0.0827, -1.5787 -0.3543 0.0827, -1.5748 -0.4331 0.0827, -1.5787 -0.4331 0.0827, -1.5748 -0.4331 0.0118, -1.5787 -0.4331 0.0, -1.4567 -0.4331 0.0118, -1.4567 -0.4331 0.0, -1.4465 -0.4317 0.0, -1.4465 -0.4317 0.0118, -1.437 -0.4278 0.0, -1.437 -0.4278 0.0118, -1.4289 -0.4215 0.0, -1.4289 -0.4215 0.0118, -1.4226 -0.4134 0.0, -1.4226 -0.4134 0.0118, -1.4187 -0.4039 0.0, -1.4187 -0.4039 0.0118, -1.4173 -0.3937 0.0, -1.4173 -0.3937 0.0118, -1.4187 -0.3835 0.0, -1.4187 -0.3835 0.0118, -1.4226 -0.374 0.0, -1.4226 -0.374 0.0118, -1.4289 -0.3659 0.0, -1.4289 -0.3659 0.0118, -1.437 -0.3596 0.0, -1.437 -0.3596 0.0118, -1.4465 -0.3557 0.0, -1.4465 -0.3557 0.0118, -1.4567 -0.3543 0.0, -1.4567 -0.3543 0.0118, -1.5748 -0.3543 0.0118, -1.5787 -0.3543 0.0, -1.5748 -0.5118 0.0827, -1.5787 -0.5118 0.0827, -1.5748 -0.5906 0.0827, -1.5787 -0.5906 0.0827, -1.5748 -0.5906 0.0118, -1.5787 -0.5906 0.0, -1.4567 -0.5906 0.0118, -1.4567 -0.5906 0.0, -1.4465 -0.5892 0.0, -1.4465 -0.5892 0.0118, -1.437 -0.5853 0.0, -1.437 -0.5853 0.0118, -1.4289 -0.579 0.0, -1.4289 -0.579 0.0118, -1.4226 -0.5709 0.0, -1.4226 -0.5709 0.0118, -1.4187 -0.5614 0.0, -1.4187 -0.5614 0.0118, -1.4173 -0.5512 0.0, -1.4173 -0.5512 0.0118, -1.4187 -0.541 0.0, -1.4187 -0.541 0.0118, -1.4226 -0.5315 0.0, -1.4226 -0.5315 0.0118, -1.4289 -0.5233 0.0, -1.4289 -0.5233 0.0118, -1.437 -0.5171 0.0, -1.437 -0.5171 0.0118, -1.4465 -0.5132 0.0, -1.4465 -0.5132 0.0118, -1.4567 -0.5118 0.0, -1.4567 -0.5118 0.0118, -1.5748 -0.5118 0.0118, -1.5787 -0.5118 0.0, -1.5748 -0.6693 0.0827, -1.5787 -0.6693 0.0827, -1.5748 -0.748 0.0827, -1.5787 -0.748 0.0827, -1.5748 -0.748 0.0118, -1.5787 -0.748 0.0, -1.4567 -0.748 0.0118, -1.4567 -0.748 0.0, -1.4465 -0.7467 0.0, -1.4465 -0.7467 0.0118, -1.437 -0.7428 0.0, -1.437 -0.7428 0.0118, -1.4289 -0.7365 0.0, -1.4289 -0.7365 0.0118, -1.4226 -0.7283 0.0, -1.4226 -0.7283 0.0118, -1.4187 -0.7189 0.0, -1.4187 -0.7189 0.0118, -1.4173 -0.7087 0.0, -1.4173 -0.7087 0.0118, -1.4187 -0.6985 0.0, -1.4187 -0.6985 0.0118, -1.4226 -0.689 0.0, -1.4226 -0.689 0.0118, -1.4289 -0.6808 0.0, -1.4289 -0.6808 0.0118, -1.437 -0.6746 0.0, -1.437 -0.6746 0.0118, -1.4465 -0.6706 0.0, -1.4465 -0.6706 0.0118, -1.4567 -0.6693 0.0, -1.4567 -0.6693 0.0118, -1.5748 -0.6693 0.0118, -1.5787 -0.6693 0.0, -1.5748 -0.8268 0.0827, -1.5787 -0.8268 0.0827, -1.5748 -0.9055 0.0827, -1.5787 -0.9055 0.0827, -1.5748 -0.9055 0.0118, -1.5787 -0.9055 0.0, -1.4567 -0.9055 0.0118, -1.4567 -0.9055 0.0, -1.4465 -0.9042 0.0, -1.4465 -0.9042 0.0118, -1.437 -0.9002 0.0, -1.437 -0.9002 0.0118, -1.4289 -0.894 0.0, -1.4289 -0.894 0.0118, -1.4226 -0.8858 0.0, -1.4226 -0.8858 0.0118, -1.4187 -0.8763 0.0, -1.4187 -0.8763 0.0118, -1.4173 -0.8661 0.0, -1.4173 -0.8661 0.0118, -1.4187 -0.856 0.0, -1.4187 -0.856 0.0118, -1.4226 -0.8465 0.0, -1.4226 -0.8465 0.0118, -1.4289 -0.8383 0.0, -1.4289 -0.8383 0.0118, -1.437 -0.832 0.0, -1.437 -0.832 0.0118, -1.4465 -0.8281 0.0, -1.4465 -0.8281 0.0118, -1.4567 -0.8268 0.0, -1.4567 -0.8268 0.0118, -1.5748 -0.8268 0.0118, -1.5787 -0.8268 0.0, -1.5748 -0.9843 0.0827, -1.5787 -0.9843 0.0827, -1.5748 -1.063 0.0827, -1.5787 -1.063 0.0827, -1.5748 -1.063 0.0118, -1.5787 -1.063 0.0, -1.4567 -1.063 0.0118, -1.4567 -1.063 0.0, -1.4465 -1.0617 0.0, -1.4465 -1.0617 0.0118, -1.437 -1.0577 0.0, -1.437 -1.0577 0.0118, -1.4289 -1.0515 0.0, -1.4289 -1.0515 0.0118, -1.4226 -1.0433 0.0, -1.4226 -1.0433 0.0118, -1.4187 -1.0338 0.0, -1.4187 -1.0338 0.0118, -1.4173 -1.0236 0.0, -1.4173 -1.0236 0.0118, -1.4187 -1.0134 0.0, -1.4187 -1.0134 0.0118, -1.4226 -1.0039 0.0, -1.4226 -1.0039 0.0118, -1.4289 -0.9958 0.0, -1.4289 -0.9958 0.0118, -1.437 -0.9895 0.0, -1.437 -0.9895 0.0118, -1.4465 -0.9856 0.0, -1.4465 -0.9856 0.0118, -1.4567 -0.9843 0.0, -1.4567 -0.9843 0.0118, -1.5748 -0.9843 0.0118, -1.5787 -0.9843 0.0, -1.5748 -1.1417 0.0827, -1.5787 -1.1417 0.0827, -1.5748 -1.2205 0.0827, -1.5787 -1.2205 0.0827, -1.5748 -1.2205 0.0118, -1.5787 -1.2205 0.0, -1.4567 -1.2205 0.0118, -1.4567 -1.2205 0.0, -1.4465 -1.2191 0.0, -1.4465 -1.2191 0.0118, -1.437 -1.2152 0.0, -1.437 -1.2152 0.0118, -1.4289 -1.2089 0.0, -1.4289 -1.2089 0.0118, -1.4226 -1.2008 0.0, -1.4226 -1.2008 0.0118, -1.4187 -1.1913 0.0, -1.4187 -1.1913 0.0118, -1.4173 -1.1811 0.0, -1.4173 -1.1811 0.0118, -1.4187 -1.1709 0.0, -1.4187 -1.1709 0.0118, -1.4226 -1.1614 0.0, -1.4226 -1.1614 0.0118, -1.4289 -1.1533 0.0, -1.4289 -1.1533 0.0118, -1.437 -1.147 0.0, -1.437 -1.147 0.0118, -1.4465 -1.1431 0.0, -1.4465 -1.1431 0.0118, -1.4567 -1.1417 0.0, -1.4567 -1.1417 0.0118, -1.5748 -1.1417 0.0118, -1.5787 -1.1417 0.0, -1.5748 0.2756 0.0827, -1.5787 0.2756 0.0827, -1.5748 0.1969 0.0827, -1.5787 0.1969 0.0827, -1.5748 0.1969 0.0118, -1.5787 0.1969 0.0, -1.4567 0.1969 0.0118, -1.4567 0.1969 0.0, -1.4465 0.1982 0.0, -1.4465 0.1982 0.0118, -1.437 0.2021 0.0, -1.437 0.2021 0.0118, -1.4289 0.2084 0.0, -1.4289 0.2084 0.0118, -1.4226 0.2165 0.0, -1.4226 0.2165 0.0118, -1.4187 0.226 0.0, -1.4187 0.226 0.0118, -1.4173 0.2362 0.0, -1.4173 0.2362 0.0118, -1.4187 0.2464 0.0, -1.4187 0.2464 0.0118, -1.4226 0.2559 0.0, -1.4226 0.2559 0.0118, -1.4289 0.2641 0.0, -1.4289 0.2641 0.0118, -1.437 0.2703 0.0, -1.437 0.2703 0.0118, -1.4465 0.2742 0.0, -1.4465 0.2742 0.0118, -1.4567 0.2756 0.0, -1.4567 0.2756 0.0118, -1.5748 0.2756 0.0118, -1.5787 0.2756 0.0, -1.5748 0.4331 0.0827, -1.5787 0.4331 0.0827, -1.5748 0.3543 0.0827, -1.5787 0.3543 0.0827, -1.5748 0.3543 0.0118, -1.5787 0.3543 0.0, -1.4567 0.3543 0.0118, -1.4567 0.3543 0.0, -1.4465 0.3557 0.0, -1.4465 0.3557 0.0118, -1.437 0.3596 0.0, -1.437 0.3596 0.0118, -1.4289 0.3659 0.0, -1.4289 0.3659 0.0118, -1.4226 0.374 0.0, -1.4226 0.374 0.0118, -1.4187 0.3835 0.0, -1.4187 0.3835 0.0118, -1.4173 0.3937 0.0, -1.4173 0.3937 0.0118, -1.4187 0.4039 0.0, -1.4187 0.4039 0.0118, -1.4226 0.4134 0.0, -1.4226 0.4134 0.0118, -1.4289 0.4215 0.0, -1.4289 0.4215 0.0118, -1.437 0.4278 0.0, -1.437 0.4278 0.0118, -1.4465 0.4317 0.0, -1.4465 0.4317 0.0118, -1.4567 0.4331 0.0, -1.4567 0.4331 0.0118, -1.5748 0.4331 0.0118, -1.5787 0.4331 0.0, -1.5748 0.5906 0.0827, -1.5787 0.5906 0.0827, -1.5748 0.5118 0.0827, -1.5787 0.5118 0.0827, -1.5748 0.5118 0.0118, -1.5787 0.5118 0.0, -1.4567 0.5118 0.0118, -1.4567 0.5118 0.0, -1.4465 0.5132 0.0, -1.4465 0.5132 0.0118, -1.437 0.5171 0.0, -1.437 0.5171 0.0118, -1.4289 0.5233 0.0, -1.4289 0.5233 0.0118, -1.4226 0.5315 0.0, -1.4226 0.5315 0.0118, -1.4187 0.541 0.0, -1.4187 0.541 0.0118, -1.4173 0.5512 0.0, -1.4173 0.5512 0.0118, -1.4187 0.5614 0.0, -1.4187 0.5614 0.0118, -1.4226 0.5709 0.0, -1.4226 0.5709 0.0118, -1.4289 0.579 0.0, -1.4289 0.579 0.0118, -1.437 0.5853 0.0, -1.437 0.5853 0.0118, -1.4465 0.5892 0.0, -1.4465 0.5892 0.0118, -1.4567 0.5906 0.0, -1.4567 0.5906 0.0118, -1.5748 0.5906 0.0118, -1.5787 0.5906 0.0, -1.5748 0.748 0.0827, -1.5787 0.748 0.0827, -1.5748 0.6693 0.0827, -1.5787 0.6693 0.0827, -1.5748 0.6693 0.0118, -1.5787 0.6693 0.0, -1.4567 0.6693 0.0118, -1.4567 0.6693 0.0, -1.4465 0.6706 0.0, -1.4465 0.6706 0.0118, -1.437 0.6746 0.0, -1.437 0.6746 0.0118, -1.4289 0.6808 0.0, -1.4289 0.6808 0.0118, -1.4226 0.689 0.0, -1.4226 0.689 0.0118, -1.4187 0.6985 0.0, -1.4187 0.6985 0.0118, -1.4173 0.7087 0.0, -1.4173 0.7087 0.0118, -1.4187 0.7189 0.0, -1.4187 0.7189 0.0118, -1.4226 0.7283 0.0, -1.4226 0.7283 0.0118, -1.4289 0.7365 0.0, -1.4289 0.7365 0.0118, -1.437 0.7428 0.0, -1.437 0.7428 0.0118, -1.4465 0.7467 0.0, -1.4465 0.7467 0.0118, -1.4567 0.748 0.0, -1.4567 0.748 0.0118, -1.5748 0.748 0.0118, -1.5787 0.748 0.0, -1.5748 0.9055 0.0827, -1.5787 0.9055 0.0827, -1.5748 0.8268 0.0827, -1.5787 0.8268 0.0827, -1.5748 0.8268 0.0118, -1.5787 0.8268 0.0, -1.4567 0.8268 0.0118, -1.4567 0.8268 0.0, -1.4465 0.8281 0.0, -1.4465 0.8281 0.0118, -1.437 0.832 0.0, -1.437 0.832 0.0118, -1.4289 0.8383 0.0, -1.4289 0.8383 0.0118, -1.4226 0.8465 0.0, -1.4226 0.8465 0.0118, -1.4187 0.856 0.0, -1.4187 0.856 0.0118, -1.4173 0.8661 0.0, -1.4173 0.8661 0.0118, -1.4187 0.8763 0.0, -1.4187 0.8763 0.0118, -1.4226 0.8858 0.0, -1.4226 0.8858 0.0118, -1.4289 0.894 0.0, -1.4289 0.894 0.0118, -1.437 0.9002 0.0, -1.437 0.9002 0.0118, -1.4465 0.9042 0.0, -1.4465 0.9042 0.0118, -1.4567 0.9055 0.0, -1.4567 0.9055 0.0118, -1.5748 0.9055 0.0118, -1.5787 0.9055 0.0, -1.5748 1.063 0.0827, -1.5787 1.063 0.0827, -1.5748 0.9843 0.0827, -1.5787 0.9843 0.0827, -1.5748 0.9843 0.0118, -1.5787 0.9843 0.0, -1.4567 0.9843 0.0118, -1.4567 0.9843 0.0, -1.4465 0.9856 0.0, -1.4465 0.9856 0.0118, -1.437 0.9895 0.0, -1.437 0.9895 0.0118, -1.4289 0.9958 0.0, -1.4289 0.9958 0.0118, -1.4226 1.0039 0.0, -1.4226 1.0039 0.0118, -1.4187 1.0134 0.0, -1.4187 1.0134 0.0118, -1.4173 1.0236 0.0, -1.4173 1.0236 0.0118, -1.4187 1.0338 0.0, -1.4187 1.0338 0.0118, -1.4226 1.0433 0.0, -1.4226 1.0433 0.0118, -1.4289 1.0515 0.0, -1.4289 1.0515 0.0118, -1.437 1.0577 0.0, -1.437 1.0577 0.0118, -1.4465 1.0617 0.0, -1.4465 1.0617 0.0118, -1.4567 1.063 0.0, -1.4567 1.063 0.0118, -1.5748 1.063 0.0118, -1.5787 1.063 0.0, -1.5748 1.2205 0.0827, -1.5787 1.2205 0.0827, -1.5748 1.1417 0.0827, -1.5787 1.1417 0.0827, -1.5748 1.1417 0.0118, -1.5787 1.1417 0.0, -1.4567 1.1417 0.0118, -1.4567 1.1417 0.0, -1.4465 1.1431 0.0, -1.4465 1.1431 0.0118, -1.437 1.147 0.0, -1.437 1.147 0.0118, -1.4289 1.1533 0.0, -1.4289 1.1533 0.0118, -1.4226 1.1614 0.0, -1.4226 1.1614 0.0118, -1.4187 1.1709 0.0, -1.4187 1.1709 0.0118, -1.4173 1.1811 0.0, -1.4173 1.1811 0.0118, -1.4187 1.1913 0.0, -1.4187 1.1913 0.0118, -1.4226 1.2008 0.0, -1.4226 1.2008 0.0118, -1.4289 1.2089 0.0, -1.4289 1.2089 0.0118, -1.437 1.2152 0.0, -1.437 1.2152 0.0118, -1.4465 1.2191 0.0, -1.4465 1.2191 0.0118, -1.4567 1.2205 0.0, -1.4567 1.2205 0.0118, -1.5748 1.2205 0.0118, -1.5787 1.2205 0.0, -0.8858 0.7677 0.0, -0.8858 0.7677 0.0118, -0.8818 0.7983 0.0118, -0.8818 0.7983 0.0, -0.87 0.8268 0.0118, -0.87 0.8268 0.0, -0.8512 0.8512 0.0118, -0.8512 0.8512 0.0, -0.8268 0.87 0.0118, -0.8268 0.87 0.0, -0.7983 0.8818 0.0118, -0.7983 0.8818 0.0, -0.7677 0.8858 0.0118, -0.7677 0.8858 0.0, -0.0891 0.8858 0.0, 0.7677 0.8858 0.0118, 0.7677 0.8858 0.0, 0.7983 0.8818 0.0118, 0.7983 0.8818 0.0, 0.8268 0.87 0.0118, 0.8268 0.87 0.0, 0.8512 0.8512 0.0118, 0.8512 0.8512 0.0, 0.87 0.8268 0.0118, 0.87 0.8268 0.0, 0.8818 0.7983 0.0118, 0.8818 0.7983 0.0, 0.8858 0.7677 0.0118, 0.8858 0.7677 0.0, 0.8858 -0.1054 0.0, 0.8858 -0.7677 0.0118, 0.8858 -0.7677 0.0, 0.8818 -0.7983 0.0118, 0.8818 -0.7983 0.0, 0.87 -0.8268 0.0118, 0.87 -0.8268 0.0, 0.8512 -0.8512 0.0118, 0.8512 -0.8512 0.0, 0.8268 -0.87 0.0118, 0.8268 -0.87 0.0, 0.7983 -0.8818 0.0118, 0.7983 -0.8818 0.0, 0.7677 -0.8858 0.0118, 0.7677 -0.8858 0.0, -0.0891 -0.8858 0.0, -0.7677 -0.8858 0.0118, -0.7677 -0.8858 0.0, -0.7983 -0.8818 0.0118, -0.7983 -0.8818 0.0, -0.8268 -0.87 0.0118, -0.8268 -0.87 0.0, -0.8512 -0.8512 0.0118, -0.8512 -0.8512 0.0, -0.87 -0.8268 0.0118, -0.87 -0.8268 0.0, -0.8818 -0.7983 0.0118, -0.8818 -0.7983 0.0, -0.8858 -0.7677 0.0118, -0.8858 -0.7677 0.0, -0.8858 -0.1054 0.0
            ]
        }
        coordIndex [
            0,1,2,-1,2,1,3,-1,2,3,4,-1,4,3,5,-1,4,5,6,-1,6,5,7,-1,6,7,8,-1,6,8,9,-1,9,8,10,-1,9,10,11,-1,11,10,12,-1,11,12,13,-1,13,12,14,-1,13,14,15,-1,15,14,16,-1,15,16,17,-1,17,16,18,-1,17,18,19,-1,19,18,20,-1,19,20,21,-1,21,20,22,-1,21,22,23,-1,23,22,24,-1,23,24,25,-1,25,24,26,-1,25,26,27,-1,27,26,28,-1,27,28,29,-1,29,28,30,-1,29,30,31,-1,31,30,32,-1,32,30,33,-1,32,33,0,-1,0,33,1,-1,5,3,33,-1,33,3,1,-1,5,33,7,-1,7,33,30,-1,7,30,8,-1,26,24,22,-1,20,18,30,-1,30,18,16,-1,30,16,14,-1,20,30,22,-1,22,30,28,-1,22,28,26,-1,14,12,30,-1,30,12,10,-1,30,10,8,-1,34,35,36,-1,36,35,37,-1,36,37,38,-1,38,37,39,-1,38,39,40,-1,40,39,41,-1,40,41,42,-1,40,42,43,-1,43,42,44,-1,43,44,45,-1,45,44,46,-1,45,46,47,-1,47,46,48,-1,47,48,49,-1,49,48,50,-1,49,50,51,-1,51,50,52,-1,51,52,53,-1,53,52,54,-1,53,54,55,-1,55,54,56,-1,55,56,57,-1,57,56,58,-1,57,58,59,-1,59,58,60,-1,59,60,61,-1,61,60,62,-1,61,62,63,-1,63,62,64,-1,63,64,65,-1,65,64,66,-1,66,64,67,-1,66,67,34,-1,34,67,35,-1,39,37,67,-1,67,37,35,-1,39,67,41,-1,41,67,64,-1,41,64,42,-1,60,58,56,-1,54,52,64,-1,64,52,50,-1,64,50,48,-1,54,64,56,-1,56,64,62,-1,56,62,60,-1,48,46,64,-1,64,46,44,-1,64,44,42,-1,68,69,70,-1,70,69,71,-1,70,71,72,-1,72,71,73,-1,72,73,74,-1,74,73,75,-1,74,75,76,-1,74,76,77,-1,77,76,78,-1,77,78,79,-1,79,78,80,-1,79,80,81,-1,81,80,82,-1,81,82,83,-1,83,82,84,-1,83,84,85,-1,85,84,86,-1,85,86,87,-1,87,86,88,-1,87,88,89,-1,89,88,90,-1,89,90,91,-1,91,90,92,-1,91,92,93,-1,93,92,94,-1,93,94,95,-1,95,94,96,-1,95,96,97,-1,97,96,98,-1,97,98,99,-1,99,98,100,-1,100,98,101,-1,100,101,68,-1,68,101,69,-1,73,71,101,-1,101,71,69,-1,73,101,75,-1,75,101,98,-1,88,86,98,-1,94,92,90,-1,88,98,90,-1,90,98,96,-1,90,96,94,-1,86,84,98,-1,98,84,82,-1,98,82,80,-1,80,78,98,-1,98,78,76,-1,98,76,75,-1,102,103,104,-1,104,103,105,-1,104,105,106,-1,106,105,107,-1,106,107,108,-1,108,107,109,-1,108,109,110,-1,108,110,111,-1,111,110,112,-1,111,112,113,-1,113,112,114,-1,113,114,115,-1,115,114,116,-1,115,116,117,-1,117,116,118,-1,117,118,119,-1,119,118,120,-1,119,120,121,-1,121,120,122,-1,121,122,123,-1,123,122,124,-1,123,124,125,-1,125,124,126,-1,125,126,127,-1,127,126,128,-1,127,128,129,-1,129,128,130,-1,129,130,131,-1,131,130,132,-1,131,132,133,-1,133,132,134,-1,134,132,135,-1,134,135,102,-1,102,135,103,-1,107,105,135,-1,135,105,103,-1,128,126,124,-1,122,120,132,-1,132,120,118,-1,118,116,132,-1,132,116,114,-1,132,114,112,-1,107,135,109,-1,109,135,132,-1,109,132,110,-1,110,132,112,-1,122,132,124,-1,124,132,130,-1,124,130,128,-1,136,137,138,-1,138,137,139,-1,138,139,140,-1,140,139,141,-1,140,141,142,-1,142,141,143,-1,142,143,144,-1,142,144,145,-1,145,144,146,-1,145,146,147,-1,147,146,148,-1,147,148,149,-1,149,148,150,-1,149,150,151,-1,151,150,152,-1,151,152,153,-1,153,152,154,-1,153,154,155,-1,155,154,156,-1,155,156,157,-1,157,156,158,-1,157,158,159,-1,159,158,160,-1,159,160,161,-1,161,160,162,-1,161,162,163,-1,163,162,164,-1,163,164,165,-1,165,164,166,-1,165,166,167,-1,167,166,168,-1,168,166,169,-1,168,169,136,-1,136,169,137,-1,141,139,169,-1,169,139,137,-1,162,160,158,-1,156,154,166,-1,166,154,152,-1,152,150,166,-1,166,150,148,-1,166,148,146,-1,141,169,143,-1,143,169,166,-1,143,166,144,-1,144,166,146,-1,156,166,158,-1,158,166,164,-1,158,164,162,-1,170,171,172,-1,172,171,173,-1,172,173,174,-1,174,173,175,-1,174,175,176,-1,176,175,177,-1,176,177,178,-1,176,178,179,-1,179,178,180,-1,179,180,181,-1,181,180,182,-1,181,182,183,-1,183,182,184,-1,183,184,185,-1,185,184,186,-1,185,186,187,-1,187,186,188,-1,187,188,189,-1,189,188,190,-1,189,190,191,-1,191,190,192,-1,191,192,193,-1,193,192,194,-1,193,194,195,-1,195,194,196,-1,195,196,197,-1,197,196,198,-1,197,198,199,-1,199,198,200,-1,199,200,201,-1,201,200,202,-1,202,200,203,-1,202,203,170,-1,170,203,171,-1,175,173,203,-1,203,173,171,-1,196,194,192,-1,190,188,200,-1,200,188,186,-1,186,184,200,-1,200,184,182,-1,200,182,180,-1,175,203,177,-1,177,203,200,-1,177,200,178,-1,178,200,180,-1,190,200,192,-1,192,200,198,-1,192,198,196,-1,204,205,206,-1,206,205,207,-1,206,207,208,-1,208,207,209,-1,208,209,210,-1,210,209,211,-1,210,211,212,-1,210,212,213,-1,213,212,214,-1,213,214,215,-1,215,214,216,-1,215,216,217,-1,217,216,218,-1,217,218,219,-1,219,218,220,-1,219,220,221,-1,221,220,222,-1,221,222,223,-1,223,222,224,-1,223,224,225,-1,225,224,226,-1,225,226,227,-1,227,226,228,-1,227,228,229,-1,229,228,230,-1,229,230,231,-1,231,230,232,-1,231,232,233,-1,233,232,234,-1,233,234,235,-1,235,234,236,-1,236,234,237,-1,236,237,204,-1,204,237,205,-1,209,207,237,-1,237,207,205,-1,230,228,226,-1,234,222,220,-1,234,232,222,-1,222,232,230,-1,222,230,224,-1,224,230,226,-1,220,218,234,-1,234,218,216,-1,234,216,214,-1,209,237,211,-1,211,237,234,-1,211,234,212,-1,212,234,214,-1,238,239,240,-1,240,239,241,-1,240,241,242,-1,242,241,243,-1,242,243,244,-1,244,243,245,-1,244,245,246,-1,244,246,247,-1,247,246,248,-1,247,248,249,-1,249,248,250,-1,249,250,251,-1,251,250,252,-1,251,252,253,-1,253,252,254,-1,253,254,255,-1,255,254,256,-1,255,256,257,-1,257,256,258,-1,257,258,259,-1,259,258,260,-1,259,260,261,-1,261,260,262,-1,261,262,263,-1,263,262,264,-1,263,264,265,-1,265,264,266,-1,265,266,267,-1,267,266,268,-1,267,268,269,-1,269,268,270,-1,270,268,271,-1,270,271,238,-1,238,271,239,-1,243,241,271,-1,271,241,239,-1,264,262,260,-1,268,256,254,-1,268,266,256,-1,256,266,264,-1,256,264,258,-1,258,264,260,-1,254,252,268,-1,268,252,250,-1,268,250,248,-1,243,271,245,-1,245,271,268,-1,245,268,246,-1,246,268,248,-1,272,273,274,-1,274,273,275,-1,274,275,276,-1,276,275,277,-1,276,277,278,-1,278,277,279,-1,278,279,280,-1,278,280,281,-1,281,280,282,-1,281,282,283,-1,283,282,284,-1,283,284,285,-1,285,284,286,-1,285,286,287,-1,287,286,288,-1,287,288,289,-1,289,288,290,-1,289,290,291,-1,291,290,292,-1,291,292,293,-1,293,292,294,-1,293,294,295,-1,295,294,296,-1,295,296,297,-1,297,296,298,-1,297,298,299,-1,299,298,300,-1,299,300,301,-1,301,300,302,-1,301,302,303,-1,303,302,304,-1,304,302,305,-1,304,305,272,-1,272,305,273,-1,277,275,305,-1,305,275,273,-1,298,296,294,-1,302,290,288,-1,302,300,290,-1,290,300,298,-1,290,298,292,-1,292,298,294,-1,288,286,302,-1,302,286,284,-1,302,284,282,-1,277,305,279,-1,279,305,302,-1,279,302,280,-1,280,302,282,-1,306,307,308,-1,308,307,309,-1,308,309,310,-1,310,309,311,-1,310,311,312,-1,312,311,313,-1,312,313,314,-1,312,314,315,-1,315,314,316,-1,315,316,317,-1,317,316,318,-1,317,318,319,-1,319,318,320,-1,319,320,321,-1,321,320,322,-1,321,322,323,-1,323,322,324,-1,323,324,325,-1,325,324,326,-1,325,326,327,-1,327,326,328,-1,327,328,329,-1,329,328,330,-1,329,330,331,-1,331,330,332,-1,331,332,333,-1,333,332,334,-1,333,334,335,-1,335,334,336,-1,335,336,337,-1,337,336,338,-1,338,336,339,-1,338,339,306,-1,306,339,307,-1,311,309,339,-1,339,309,307,-1,311,339,313,-1,313,339,336,-1,326,324,336,-1,332,330,328,-1,326,336,328,-1,328,336,334,-1,328,334,332,-1,324,322,336,-1,336,322,320,-1,336,320,318,-1,318,316,336,-1,336,316,314,-1,336,314,313,-1,340,341,342,-1,342,341,343,-1,342,343,344,-1,344,343,345,-1,344,345,346,-1,346,345,347,-1,346,347,348,-1,346,348,349,-1,349,348,350,-1,349,350,351,-1,351,350,352,-1,351,352,353,-1,353,352,354,-1,353,354,355,-1,355,354,356,-1,355,356,357,-1,357,356,358,-1,357,358,359,-1,359,358,360,-1,359,360,361,-1,361,360,362,-1,361,362,363,-1,363,362,364,-1,363,364,365,-1,365,364,366,-1,365,366,367,-1,367,366,368,-1,367,368,369,-1,369,368,370,-1,369,370,371,-1,371,370,372,-1,372,370,373,-1,372,373,340,-1,340,373,341,-1,345,343,373,-1,373,343,341,-1,347,345,373,-1,360,358,347,-1,373,370,347,-1,347,370,368,-1,347,368,366,-1,358,356,347,-1,347,356,354,-1,347,354,348,-1,348,354,352,-1,348,352,350,-1,366,364,347,-1,347,364,362,-1,347,362,360,-1,374,375,376,-1,376,375,377,-1,376,377,378,-1,378,377,379,-1,378,379,380,-1,380,379,381,-1,380,381,382,-1,380,382,383,-1,383,382,384,-1,383,384,385,-1,385,384,386,-1,385,386,387,-1,387,386,388,-1,387,388,389,-1,389,388,390,-1,389,390,391,-1,391,390,392,-1,391,392,393,-1,393,392,394,-1,393,394,395,-1,395,394,396,-1,395,396,397,-1,397,396,398,-1,397,398,399,-1,399,398,400,-1,399,400,401,-1,401,400,402,-1,401,402,403,-1,403,402,404,-1,403,404,405,-1,405,404,406,-1,406,404,407,-1,406,407,374,-1,374,407,375,-1,379,377,407,-1,407,377,375,-1,400,398,396,-1,394,392,404,-1,404,392,390,-1,390,388,404,-1,404,388,386,-1,404,386,384,-1,379,407,381,-1,381,407,404,-1,381,404,382,-1,382,404,384,-1,394,404,396,-1,396,404,402,-1,396,402,400,-1,408,409,410,-1,410,409,411,-1,410,411,412,-1,412,411,413,-1,412,413,414,-1,414,413,415,-1,414,415,416,-1,414,416,417,-1,417,416,418,-1,417,418,419,-1,419,418,420,-1,419,420,421,-1,421,420,422,-1,421,422,423,-1,423,422,424,-1,423,424,425,-1,425,424,426,-1,425,426,427,-1,427,426,428,-1,427,428,429,-1,429,428,430,-1,429,430,431,-1,431,430,432,-1,431,432,433,-1,433,432,434,-1,433,434,435,-1,435,434,436,-1,435,436,437,-1,437,436,438,-1,437,438,439,-1,439,438,440,-1,440,438,441,-1,440,441,408,-1,408,441,409,-1,413,411,441,-1,441,411,409,-1,434,432,430,-1,428,426,438,-1,438,426,424,-1,424,422,438,-1,438,422,420,-1,438,420,418,-1,413,441,415,-1,415,441,438,-1,415,438,416,-1,416,438,418,-1,428,438,430,-1,430,438,436,-1,430,436,434,-1,442,443,444,-1,444,443,445,-1,444,445,446,-1,446,445,447,-1,446,447,448,-1,448,447,449,-1,448,449,450,-1,448,450,451,-1,451,450,452,-1,451,452,453,-1,453,452,454,-1,453,454,455,-1,455,454,456,-1,455,456,457,-1,457,456,458,-1,457,458,459,-1,459,458,460,-1,459,460,461,-1,461,460,462,-1,461,462,463,-1,463,462,464,-1,463,464,465,-1,465,464,466,-1,465,466,467,-1,467,466,468,-1,467,468,469,-1,469,468,470,-1,469,470,471,-1,471,470,472,-1,471,472,473,-1,473,472,474,-1,474,472,475,-1,474,475,442,-1,442,475,443,-1,447,445,475,-1,475,445,443,-1,468,466,464,-1,472,460,458,-1,472,470,460,-1,460,470,468,-1,460,468,462,-1,462,468,464,-1,458,456,472,-1,472,456,454,-1,472,454,452,-1,447,475,449,-1,449,475,472,-1,449,472,450,-1,450,472,452,-1,476,477,478,-1,478,477,479,-1,478,479,480,-1,480,479,481,-1,480,481,482,-1,482,481,483,-1,482,483,484,-1,482,484,485,-1,485,484,486,-1,485,486,487,-1,487,486,488,-1,487,488,489,-1,489,488,490,-1,489,490,491,-1,491,490,492,-1,491,492,493,-1,493,492,494,-1,493,494,495,-1,495,494,496,-1,495,496,497,-1,497,496,498,-1,497,498,499,-1,499,498,500,-1,499,500,501,-1,501,500,502,-1,501,502,503,-1,503,502,504,-1,503,504,505,-1,505,504,506,-1,505,506,507,-1,507,506,508,-1,508,506,509,-1,508,509,476,-1,476,509,477,-1,481,479,509,-1,509,479,477,-1,502,500,498,-1,506,494,492,-1,506,504,494,-1,494,504,502,-1,494,502,496,-1,496,502,498,-1,492,490,506,-1,506,490,488,-1,506,488,486,-1,481,509,483,-1,483,509,506,-1,483,506,484,-1,484,506,486,-1,510,511,512,-1,512,511,513,-1,512,513,514,-1,514,513,515,-1,514,515,516,-1,516,515,517,-1,516,517,518,-1,516,518,519,-1,519,518,520,-1,519,520,521,-1,521,520,522,-1,521,522,523,-1,523,522,524,-1,523,524,525,-1,525,524,526,-1,525,526,527,-1,527,526,528,-1,527,528,529,-1,529,528,530,-1,529,530,531,-1,531,530,532,-1,531,532,533,-1,533,532,534,-1,533,534,535,-1,535,534,536,-1,535,536,537,-1,537,536,538,-1,537,538,539,-1,539,538,540,-1,539,540,541,-1,541,540,542,-1,542,540,543,-1,542,543,510,-1,510,543,511,-1,515,513,543,-1,543,513,511,-1,536,534,532,-1,540,528,526,-1,540,538,528,-1,528,538,536,-1,528,536,530,-1,530,536,532,-1,526,524,540,-1,540,524,522,-1,540,522,520,-1,515,543,517,-1,517,543,540,-1,517,540,518,-1,518,540,520,-1,544,545,546,-1,546,545,547,-1,546,547,548,-1,548,547,549,-1,548,549,550,-1,550,549,551,-1,550,551,552,-1,550,552,553,-1,553,552,554,-1,553,554,555,-1,555,554,556,-1,555,556,557,-1,557,556,558,-1,557,558,559,-1,559,558,560,-1,559,560,561,-1,561,560,562,-1,561,562,563,-1,563,562,564,-1,563,564,565,-1,565,564,566,-1,565,566,567,-1,567,566,568,-1,567,568,569,-1,569,568,570,-1,569,570,571,-1,571,570,572,-1,571,572,573,-1,573,572,574,-1,573,574,575,-1,575,574,576,-1,576,574,577,-1,576,577,544,-1,544,577,545,-1,549,547,577,-1,577,547,545,-1,549,577,551,-1,551,577,574,-1,551,562,560,-1,574,572,551,-1,551,572,570,-1,551,570,568,-1,568,566,551,-1,551,566,564,-1,551,564,562,-1,560,558,551,-1,551,558,556,-1,551,556,552,-1,552,556,554,-1,578,579,580,-1,580,579,581,-1,580,581,582,-1,582,581,583,-1,582,583,584,-1,584,583,585,-1,584,585,586,-1,584,586,587,-1,587,586,588,-1,587,588,589,-1,589,588,590,-1,589,590,591,-1,591,590,592,-1,591,592,593,-1,593,592,594,-1,593,594,595,-1,595,594,596,-1,595,596,597,-1,597,596,598,-1,597,598,599,-1,599,598,600,-1,599,600,601,-1,601,600,602,-1,601,602,603,-1,603,602,604,-1,603,604,605,-1,605,604,606,-1,605,606,607,-1,607,606,608,-1,607,608,609,-1,609,608,610,-1,610,608,611,-1,610,611,578,-1,578,611,579,-1,583,581,611,-1,611,581,579,-1,583,611,585,-1,585,611,608,-1,585,596,594,-1,608,606,585,-1,585,606,604,-1,585,604,602,-1,602,600,585,-1,585,600,598,-1,585,598,596,-1,594,592,585,-1,585,592,590,-1,585,590,586,-1,586,590,588,-1,612,613,614,-1,614,613,615,-1,614,615,616,-1,616,615,617,-1,616,617,618,-1,618,617,619,-1,618,619,620,-1,618,620,621,-1,621,620,622,-1,621,622,623,-1,623,622,624,-1,623,624,625,-1,625,624,626,-1,625,626,627,-1,627,626,628,-1,627,628,629,-1,629,628,630,-1,629,630,631,-1,631,630,632,-1,631,632,633,-1,633,632,634,-1,633,634,635,-1,635,634,636,-1,635,636,637,-1,637,636,638,-1,637,638,639,-1,639,638,640,-1,639,640,641,-1,641,640,642,-1,641,642,643,-1,643,642,644,-1,644,642,645,-1,644,645,612,-1,612,645,613,-1,617,615,645,-1,645,615,613,-1,617,645,619,-1,619,645,642,-1,624,630,626,-1,626,630,628,-1,642,640,619,-1,619,640,638,-1,619,638,636,-1,636,634,619,-1,619,634,632,-1,619,632,630,-1,624,622,630,-1,630,622,620,-1,630,620,619,-1,646,647,648,-1,648,647,649,-1,648,649,650,-1,650,649,651,-1,650,651,652,-1,652,651,653,-1,652,653,654,-1,652,654,655,-1,655,654,656,-1,655,656,657,-1,657,656,658,-1,657,658,659,-1,659,658,660,-1,659,660,661,-1,661,660,662,-1,661,662,663,-1,663,662,664,-1,663,664,665,-1,665,664,666,-1,665,666,667,-1,667,666,668,-1,667,668,669,-1,669,668,670,-1,669,670,671,-1,671,670,672,-1,671,672,673,-1,673,672,674,-1,673,674,675,-1,675,674,676,-1,675,676,677,-1,677,676,678,-1,678,676,679,-1,678,679,646,-1,646,679,647,-1,651,649,679,-1,679,649,647,-1,651,679,653,-1,653,679,676,-1,653,676,674,-1,674,672,653,-1,653,672,670,-1,653,670,668,-1,668,666,653,-1,653,666,664,-1,653,664,654,-1,654,664,662,-1,662,660,654,-1,654,660,658,-1,654,658,656,-1,680,681,682,-1,682,681,683,-1,682,683,684,-1,684,683,685,-1,684,685,686,-1,686,685,687,-1,686,687,688,-1,686,688,689,-1,689,688,690,-1,689,690,691,-1,691,690,692,-1,691,692,693,-1,693,692,694,-1,693,694,695,-1,695,694,696,-1,695,696,697,-1,697,696,698,-1,697,698,699,-1,699,698,700,-1,699,700,701,-1,701,700,702,-1,701,702,703,-1,703,702,704,-1,703,704,705,-1,705,704,706,-1,705,706,707,-1,707,706,708,-1,707,708,709,-1,709,708,710,-1,709,710,711,-1,711,710,712,-1,712,710,713,-1,712,713,680,-1,680,713,681,-1,685,683,713,-1,713,683,681,-1,685,713,687,-1,687,713,710,-1,710,708,687,-1,687,708,706,-1,687,706,704,-1,687,692,688,-1,688,692,690,-1,698,696,687,-1,687,696,694,-1,687,694,692,-1,704,702,687,-1,687,702,700,-1,687,700,698,-1,714,715,716,-1,716,715,717,-1,716,717,718,-1,718,717,719,-1,718,719,720,-1,720,719,721,-1,720,721,722,-1,720,722,723,-1,723,722,724,-1,723,724,725,-1,725,724,726,-1,725,726,727,-1,727,726,728,-1,727,728,729,-1,729,728,730,-1,729,730,731,-1,731,730,732,-1,731,732,733,-1,733,732,734,-1,733,734,735,-1,735,734,736,-1,735,736,737,-1,737,736,738,-1,737,738,739,-1,739,738,740,-1,739,740,741,-1,741,740,742,-1,741,742,743,-1,743,742,744,-1,743,744,745,-1,745,744,746,-1,746,744,747,-1,746,747,714,-1,714,747,715,-1,719,717,747,-1,747,717,715,-1,719,747,721,-1,721,747,744,-1,721,744,742,-1,742,740,721,-1,721,740,738,-1,721,738,736,-1,736,734,721,-1,721,734,732,-1,721,732,722,-1,722,732,730,-1,730,728,722,-1,722,728,726,-1,722,726,724,-1,748,749,750,-1,750,749,751,-1,750,751,752,-1,752,751,753,-1,752,753,754,-1,754,753,755,-1,754,755,756,-1,754,756,757,-1,757,756,758,-1,757,758,759,-1,759,758,760,-1,759,760,761,-1,761,760,762,-1,761,762,763,-1,763,762,764,-1,763,764,765,-1,765,764,766,-1,765,766,767,-1,767,766,768,-1,767,768,769,-1,769,768,770,-1,769,770,771,-1,771,770,772,-1,771,772,773,-1,773,772,774,-1,773,774,775,-1,775,774,776,-1,775,776,777,-1,777,776,778,-1,777,778,779,-1,779,778,780,-1,780,778,781,-1,780,781,748,-1,748,781,749,-1,753,751,781,-1,781,751,749,-1,753,781,755,-1,755,781,778,-1,755,760,756,-1,756,760,758,-1,778,776,755,-1,755,776,774,-1,755,774,772,-1,772,770,755,-1,755,770,768,-1,755,768,766,-1,766,764,755,-1,755,764,762,-1,755,762,760,-1,782,783,784,-1,784,783,785,-1,784,785,786,-1,786,785,787,-1,786,787,788,-1,788,787,789,-1,788,789,790,-1,788,790,791,-1,791,790,792,-1,791,792,793,-1,793,792,794,-1,793,794,795,-1,795,794,796,-1,795,796,797,-1,797,796,798,-1,797,798,799,-1,799,798,800,-1,799,800,801,-1,801,800,802,-1,801,802,803,-1,803,802,804,-1,803,804,805,-1,805,804,806,-1,805,806,807,-1,807,806,808,-1,807,808,809,-1,809,808,810,-1,809,810,811,-1,811,810,812,-1,811,812,813,-1,813,812,814,-1,814,812,815,-1,814,815,782,-1,782,815,783,-1,787,785,815,-1,815,785,783,-1,787,815,789,-1,789,815,812,-1,789,794,790,-1,790,794,792,-1,812,810,789,-1,789,810,808,-1,789,808,806,-1,806,804,789,-1,789,804,802,-1,789,802,800,-1,800,798,789,-1,789,798,796,-1,789,796,794,-1,816,817,818,-1,818,817,819,-1,818,819,820,-1,820,819,821,-1,820,821,822,-1,822,821,823,-1,822,823,824,-1,822,824,825,-1,825,824,826,-1,825,826,827,-1,827,826,828,-1,827,828,829,-1,829,828,830,-1,829,830,831,-1,831,830,832,-1,831,832,833,-1,833,832,834,-1,833,834,835,-1,835,834,836,-1,835,836,837,-1,837,836,838,-1,837,838,839,-1,839,838,840,-1,839,840,841,-1,841,840,842,-1,841,842,843,-1,843,842,844,-1,843,844,845,-1,845,844,846,-1,845,846,847,-1,847,846,848,-1,848,846,849,-1,848,849,816,-1,816,849,817,-1,821,819,849,-1,849,819,817,-1,821,849,823,-1,823,849,846,-1,823,828,824,-1,824,828,826,-1,846,844,823,-1,823,844,842,-1,823,842,840,-1,840,838,823,-1,823,838,836,-1,823,836,834,-1,834,832,823,-1,823,832,830,-1,823,830,828,-1,850,851,852,-1,852,851,853,-1,852,853,854,-1,854,853,855,-1,854,855,856,-1,856,855,857,-1,856,857,858,-1,856,858,859,-1,859,858,860,-1,859,860,861,-1,861,860,862,-1,861,862,863,-1,863,862,864,-1,863,864,865,-1,865,864,866,-1,865,866,867,-1,867,866,868,-1,867,868,869,-1,869,868,870,-1,869,870,871,-1,871,870,872,-1,871,872,873,-1,873,872,874,-1,873,874,875,-1,875,874,876,-1,875,876,877,-1,877,876,878,-1,877,878,879,-1,879,878,880,-1,879,880,881,-1,881,880,882,-1,882,880,883,-1,882,883,850,-1,850,883,851,-1,855,853,883,-1,883,853,851,-1,855,883,857,-1,857,883,880,-1,862,868,864,-1,864,868,866,-1,880,878,857,-1,857,878,876,-1,857,876,874,-1,874,872,857,-1,857,872,870,-1,857,870,868,-1,862,860,868,-1,868,860,858,-1,868,858,857,-1,884,885,886,-1,886,885,887,-1,886,887,888,-1,888,887,889,-1,888,889,890,-1,890,889,891,-1,890,891,892,-1,890,892,893,-1,893,892,894,-1,893,894,895,-1,895,894,896,-1,895,896,897,-1,897,896,898,-1,897,898,899,-1,899,898,900,-1,899,900,901,-1,901,900,902,-1,901,902,903,-1,903,902,904,-1,903,904,905,-1,905,904,906,-1,905,906,907,-1,907,906,908,-1,907,908,909,-1,909,908,910,-1,909,910,911,-1,911,910,912,-1,911,912,913,-1,913,912,914,-1,913,914,915,-1,915,914,916,-1,916,914,917,-1,916,917,884,-1,884,917,885,-1,889,887,917,-1,917,887,885,-1,889,917,891,-1,891,917,914,-1,914,912,891,-1,891,912,910,-1,891,910,908,-1,896,902,898,-1,898,902,900,-1,896,894,902,-1,902,894,892,-1,902,892,891,-1,908,906,891,-1,891,906,904,-1,891,904,902,-1,918,919,920,-1,920,919,921,-1,920,921,922,-1,922,921,923,-1,922,923,924,-1,924,923,925,-1,924,925,926,-1,924,926,927,-1,927,926,928,-1,927,928,929,-1,929,928,930,-1,929,930,931,-1,931,930,932,-1,931,932,933,-1,933,932,934,-1,933,934,935,-1,935,934,936,-1,935,936,937,-1,937,936,938,-1,937,938,939,-1,939,938,940,-1,939,940,941,-1,941,940,942,-1,941,942,943,-1,943,942,944,-1,943,944,945,-1,945,944,946,-1,945,946,947,-1,947,946,948,-1,947,948,949,-1,949,948,950,-1,950,948,951,-1,950,951,918,-1,918,951,919,-1,923,921,951,-1,951,921,919,-1,923,951,925,-1,925,951,948,-1,925,948,946,-1,946,944,925,-1,925,944,942,-1,925,942,940,-1,940,938,925,-1,925,938,936,-1,925,936,926,-1,926,936,934,-1,934,932,926,-1,926,932,930,-1,926,930,928,-1,952,953,954,-1,954,953,955,-1,954,955,956,-1,956,955,957,-1,956,957,958,-1,958,957,959,-1,958,959,960,-1,958,960,961,-1,961,960,962,-1,961,962,963,-1,963,962,964,-1,963,964,965,-1,965,964,966,-1,965,966,967,-1,967,966,968,-1,967,968,969,-1,969,968,970,-1,969,970,971,-1,971,970,972,-1,971,972,973,-1,973,972,974,-1,973,974,975,-1,975,974,976,-1,975,976,977,-1,977,976,978,-1,977,978,979,-1,979,978,980,-1,979,980,981,-1,981,980,982,-1,981,982,983,-1,983,982,984,-1,984,982,985,-1,984,985,952,-1,952,985,953,-1,957,955,985,-1,985,955,953,-1,957,985,959,-1,959,985,982,-1,982,980,959,-1,959,980,978,-1,959,978,976,-1,959,964,960,-1,960,964,962,-1,970,968,959,-1,959,968,966,-1,959,966,964,-1,976,974,959,-1,959,974,972,-1,959,972,970,-1,986,987,988,-1,988,987,989,-1,988,989,990,-1,990,989,991,-1,990,991,992,-1,992,991,993,-1,992,993,994,-1,992,994,995,-1,995,994,996,-1,995,996,997,-1,997,996,998,-1,997,998,999,-1,999,998,1000,-1,999,1000,1001,-1,1001,1000,1002,-1,1001,1002,1003,-1,1003,1002,1004,-1,1003,1004,1005,-1,1005,1004,1006,-1,1005,1006,1007,-1,1007,1006,1008,-1,1007,1008,1009,-1,1009,1008,1010,-1,1009,1010,1011,-1,1011,1010,1012,-1,1011,1012,1013,-1,1013,1012,1014,-1,1013,1014,1015,-1,1015,1014,1016,-1,1015,1016,1017,-1,1017,1016,1018,-1,1018,1016,1019,-1,1018,1019,986,-1,986,1019,987,-1,991,989,1019,-1,1019,989,987,-1,991,1019,993,-1,993,1019,1016,-1,993,998,994,-1,994,998,996,-1,1016,1014,993,-1,993,1014,1012,-1,993,1012,1010,-1,1010,1008,993,-1,993,1008,1006,-1,993,1006,1004,-1,1004,1002,993,-1,993,1002,1000,-1,993,1000,998,-1,1020,1021,1022,-1,1022,1021,1023,-1,1022,1023,1024,-1,1024,1023,1025,-1,1024,1025,1026,-1,1026,1025,1027,-1,1026,1027,1028,-1,1026,1028,1029,-1,1029,1028,1030,-1,1029,1030,1031,-1,1031,1030,1032,-1,1031,1032,1033,-1,1033,1032,1034,-1,1033,1034,1035,-1,1035,1034,1036,-1,1035,1036,1037,-1,1037,1036,1038,-1,1037,1038,1039,-1,1039,1038,1040,-1,1039,1040,1041,-1,1041,1040,1042,-1,1041,1042,1043,-1,1043,1042,1044,-1,1043,1044,1045,-1,1045,1044,1046,-1,1045,1046,1047,-1,1047,1046,1048,-1,1047,1048,1049,-1,1049,1048,1050,-1,1049,1050,1051,-1,1051,1050,1052,-1,1052,1050,1053,-1,1052,1053,1020,-1,1020,1053,1021,-1,1025,1023,1053,-1,1053,1023,1021,-1,1025,1053,1027,-1,1027,1053,1050,-1,1027,1032,1028,-1,1028,1032,1030,-1,1050,1048,1027,-1,1027,1048,1046,-1,1027,1046,1044,-1,1044,1042,1027,-1,1027,1042,1040,-1,1027,1040,1038,-1,1038,1036,1027,-1,1027,1036,1034,-1,1027,1034,1032,-1,1054,1055,1056,-1,1056,1055,1057,-1,1056,1057,1058,-1,1058,1057,1059,-1,1058,1059,1060,-1,1060,1059,1061,-1,1060,1061,1062,-1,1060,1062,1063,-1,1063,1062,1064,-1,1063,1064,1065,-1,1065,1064,1066,-1,1065,1066,1067,-1,1067,1066,1068,-1,1067,1068,1069,-1,1069,1068,1070,-1,1069,1070,1071,-1,1071,1070,1072,-1,1071,1072,1073,-1,1073,1072,1074,-1,1073,1074,1075,-1,1075,1074,1076,-1,1075,1076,1077,-1,1077,1076,1078,-1,1077,1078,1079,-1,1079,1078,1080,-1,1079,1080,1081,-1,1081,1080,1082,-1,1081,1082,1083,-1,1083,1082,1084,-1,1083,1084,1085,-1,1085,1084,1086,-1,1086,1084,1087,-1,1086,1087,1054,-1,1054,1087,1055,-1,1059,1057,1087,-1,1087,1057,1055,-1,1059,1087,1061,-1,1061,1087,1084,-1,1061,1066,1062,-1,1062,1066,1064,-1,1084,1082,1061,-1,1061,1082,1080,-1,1061,1080,1078,-1,1078,1076,1061,-1,1061,1076,1074,-1,1061,1074,1072,-1,1072,1070,1061,-1,1061,1070,1068,-1,1061,1068,1066,-1,1088,1089,1090,-1,1090,1089,1091,-1,1090,1091,1092,-1,1092,1091,1093,-1,1092,1093,1094,-1,1094,1093,1095,-1,1094,1095,1096,-1,1094,1096,1097,-1,1097,1096,1098,-1,1097,1098,1099,-1,1099,1098,1100,-1,1099,1100,1101,-1,1101,1100,1102,-1,1101,1102,1103,-1,1103,1102,1104,-1,1103,1104,1105,-1,1105,1104,1106,-1,1105,1106,1107,-1,1107,1106,1108,-1,1107,1108,1109,-1,1109,1108,1110,-1,1109,1110,1111,-1,1111,1110,1112,-1,1111,1112,1113,-1,1113,1112,1114,-1,1113,1114,1115,-1,1115,1114,1116,-1,1115,1116,1117,-1,1117,1116,1118,-1,1117,1118,1119,-1,1119,1118,1120,-1,1120,1118,1121,-1,1120,1121,1088,-1,1088,1121,1089,-1,1093,1091,1121,-1,1121,1091,1089,-1,1093,1121,1095,-1,1095,1121,1118,-1,1095,1118,1096,-1,1114,1112,1110,-1,1108,1106,1118,-1,1118,1106,1104,-1,1118,1104,1102,-1,1108,1118,1110,-1,1110,1118,1116,-1,1110,1116,1114,-1,1102,1100,1118,-1,1118,1100,1098,-1,1118,1098,1096,-1,1122,1123,1124,-1,1124,1123,1125,-1,1124,1125,1126,-1,1126,1125,1127,-1,1126,1127,1128,-1,1128,1127,1129,-1,1128,1129,1130,-1,1128,1130,1131,-1,1131,1130,1132,-1,1131,1132,1133,-1,1133,1132,1134,-1,1133,1134,1135,-1,1135,1134,1136,-1,1135,1136,1137,-1,1137,1136,1138,-1,1137,1138,1139,-1,1139,1138,1140,-1,1139,1140,1141,-1,1141,1140,1142,-1,1141,1142,1143,-1,1143,1142,1144,-1,1143,1144,1145,-1,1145,1144,1146,-1,1145,1146,1147,-1,1147,1146,1148,-1,1147,1148,1149,-1,1149,1148,1150,-1,1149,1150,1151,-1,1151,1150,1152,-1,1151,1152,1153,-1,1153,1152,1154,-1,1154,1152,1155,-1,1154,1155,1122,-1,1122,1155,1123,-1,1127,1125,1155,-1,1155,1125,1123,-1,1127,1155,1129,-1,1129,1155,1152,-1,1129,1152,1130,-1,1148,1146,1144,-1,1142,1140,1152,-1,1152,1140,1138,-1,1152,1138,1136,-1,1142,1152,1144,-1,1144,1152,1150,-1,1144,1150,1148,-1,1136,1134,1152,-1,1152,1134,1132,-1,1152,1132,1130,-1,1156,1157,1158,-1,1158,1157,1159,-1,1158,1159,1160,-1,1160,1159,1161,-1,1160,1161,1162,-1,1162,1161,1163,-1,1162,1163,1164,-1,1162,1164,1165,-1,1165,1164,1166,-1,1165,1166,1167,-1,1167,1166,1168,-1,1167,1168,1169,-1,1169,1168,1170,-1,1169,1170,1171,-1,1171,1170,1172,-1,1171,1172,1173,-1,1173,1172,1174,-1,1173,1174,1175,-1,1175,1174,1176,-1,1175,1176,1177,-1,1177,1176,1178,-1,1177,1178,1179,-1,1179,1178,1180,-1,1179,1180,1181,-1,1181,1180,1182,-1,1181,1182,1183,-1,1183,1182,1184,-1,1183,1184,1185,-1,1185,1184,1186,-1,1185,1186,1187,-1,1187,1186,1188,-1,1188,1186,1189,-1,1188,1189,1156,-1,1156,1189,1157,-1,1161,1159,1189,-1,1189,1159,1157,-1,1161,1189,1163,-1,1163,1189,1186,-1,1163,1186,1164,-1,1182,1180,1178,-1,1176,1174,1186,-1,1186,1174,1172,-1,1186,1172,1170,-1,1176,1186,1178,-1,1178,1186,1184,-1,1178,1184,1182,-1,1170,1168,1186,-1,1186,1168,1166,-1,1186,1166,1164,-1,1190,1191,1192,-1,1192,1191,1193,-1,1192,1193,1194,-1,1194,1193,1195,-1,1194,1195,1196,-1,1196,1195,1197,-1,1196,1197,1198,-1,1196,1198,1199,-1,1199,1198,1200,-1,1199,1200,1201,-1,1201,1200,1202,-1,1201,1202,1203,-1,1203,1202,1204,-1,1203,1204,1205,-1,1205,1204,1206,-1,1205,1206,1207,-1,1207,1206,1208,-1,1207,1208,1209,-1,1209,1208,1210,-1,1209,1210,1211,-1,1211,1210,1212,-1,1211,1212,1213,-1,1213,1212,1214,-1,1213,1214,1215,-1,1215,1214,1216,-1,1215,1216,1217,-1,1217,1216,1218,-1,1217,1218,1219,-1,1219,1218,1220,-1,1219,1220,1221,-1,1221,1220,1222,-1,1222,1220,1223,-1,1222,1223,1190,-1,1190,1223,1191,-1,1195,1193,1223,-1,1223,1193,1191,-1,1195,1223,1197,-1,1197,1223,1220,-1,1210,1208,1220,-1,1216,1214,1212,-1,1208,1206,1220,-1,1220,1206,1204,-1,1220,1204,1202,-1,1202,1200,1220,-1,1220,1200,1198,-1,1220,1198,1197,-1,1210,1220,1212,-1,1212,1220,1218,-1,1212,1218,1216,-1,1224,1225,1226,-1,1226,1225,1227,-1,1226,1227,1228,-1,1228,1227,1229,-1,1228,1229,1230,-1,1230,1229,1231,-1,1230,1231,1232,-1,1230,1232,1233,-1,1233,1232,1234,-1,1233,1234,1235,-1,1235,1234,1236,-1,1235,1236,1237,-1,1237,1236,1238,-1,1237,1238,1239,-1,1239,1238,1240,-1,1239,1240,1241,-1,1241,1240,1242,-1,1241,1242,1243,-1,1243,1242,1244,-1,1243,1244,1245,-1,1245,1244,1246,-1,1245,1246,1247,-1,1247,1246,1248,-1,1247,1248,1249,-1,1249,1248,1250,-1,1249,1250,1251,-1,1251,1250,1252,-1,1251,1252,1253,-1,1253,1252,1254,-1,1253,1254,1255,-1,1255,1254,1256,-1,1256,1254,1257,-1,1256,1257,1224,-1,1224,1257,1225,-1,1229,1227,1257,-1,1257,1227,1225,-1,1229,1257,1231,-1,1231,1257,1254,-1,1244,1242,1254,-1,1250,1248,1246,-1,1242,1240,1254,-1,1254,1240,1238,-1,1254,1238,1236,-1,1236,1234,1254,-1,1254,1234,1232,-1,1254,1232,1231,-1,1244,1254,1246,-1,1246,1254,1252,-1,1246,1252,1250,-1,1258,1259,1260,-1,1260,1259,1261,-1,1260,1261,1262,-1,1262,1261,1263,-1,1262,1263,1264,-1,1264,1263,1265,-1,1264,1265,1266,-1,1264,1266,1267,-1,1267,1266,1268,-1,1267,1268,1269,-1,1269,1268,1270,-1,1269,1270,1271,-1,1271,1270,1272,-1,1271,1272,1273,-1,1273,1272,1274,-1,1273,1274,1275,-1,1275,1274,1276,-1,1275,1276,1277,-1,1277,1276,1278,-1,1277,1278,1279,-1,1279,1278,1280,-1,1279,1280,1281,-1,1281,1280,1282,-1,1281,1282,1283,-1,1283,1282,1284,-1,1283,1284,1285,-1,1285,1284,1286,-1,1285,1286,1287,-1,1287,1286,1288,-1,1287,1288,1289,-1,1289,1288,1290,-1,1290,1288,1291,-1,1290,1291,1258,-1,1258,1291,1259,-1,1263,1261,1291,-1,1291,1261,1259,-1,1263,1291,1265,-1,1265,1291,1288,-1,1278,1276,1288,-1,1284,1282,1280,-1,1276,1274,1288,-1,1288,1274,1272,-1,1288,1272,1270,-1,1270,1268,1288,-1,1288,1268,1266,-1,1288,1266,1265,-1,1278,1288,1280,-1,1280,1288,1286,-1,1280,1286,1284,-1,1292,1293,1294,-1,1294,1293,1295,-1,1294,1295,1296,-1,1296,1295,1297,-1,1296,1297,1298,-1,1298,1297,1299,-1,1298,1299,1300,-1,1298,1300,1301,-1,1301,1300,1302,-1,1301,1302,1303,-1,1303,1302,1304,-1,1303,1304,1305,-1,1305,1304,1306,-1,1305,1306,1307,-1,1307,1306,1308,-1,1307,1308,1309,-1,1309,1308,1310,-1,1309,1310,1311,-1,1311,1310,1312,-1,1311,1312,1313,-1,1313,1312,1314,-1,1313,1314,1315,-1,1315,1314,1316,-1,1315,1316,1317,-1,1317,1316,1318,-1,1317,1318,1319,-1,1319,1318,1320,-1,1319,1320,1321,-1,1321,1320,1322,-1,1321,1322,1323,-1,1323,1322,1324,-1,1324,1322,1325,-1,1324,1325,1292,-1,1292,1325,1293,-1,1297,1295,1325,-1,1325,1295,1293,-1,1318,1316,1314,-1,1322,1310,1308,-1,1322,1320,1310,-1,1310,1320,1318,-1,1310,1318,1312,-1,1312,1318,1314,-1,1308,1306,1322,-1,1322,1306,1304,-1,1322,1304,1302,-1,1297,1325,1299,-1,1299,1325,1322,-1,1299,1322,1300,-1,1300,1322,1302,-1,1326,1327,1328,-1,1328,1327,1329,-1,1328,1329,1330,-1,1330,1329,1331,-1,1330,1331,1332,-1,1332,1331,1333,-1,1332,1333,1334,-1,1332,1334,1335,-1,1335,1334,1336,-1,1335,1336,1337,-1,1337,1336,1338,-1,1337,1338,1339,-1,1339,1338,1340,-1,1339,1340,1341,-1,1341,1340,1342,-1,1341,1342,1343,-1,1343,1342,1344,-1,1343,1344,1345,-1,1345,1344,1346,-1,1345,1346,1347,-1,1347,1346,1348,-1,1347,1348,1349,-1,1349,1348,1350,-1,1349,1350,1351,-1,1351,1350,1352,-1,1351,1352,1353,-1,1353,1352,1354,-1,1353,1354,1355,-1,1355,1354,1356,-1,1355,1356,1357,-1,1357,1356,1358,-1,1358,1356,1359,-1,1358,1359,1326,-1,1326,1359,1327,-1,1331,1329,1359,-1,1359,1329,1327,-1,1352,1350,1348,-1,1356,1344,1342,-1,1356,1354,1344,-1,1344,1354,1352,-1,1344,1352,1346,-1,1346,1352,1348,-1,1342,1340,1356,-1,1356,1340,1338,-1,1356,1338,1336,-1,1331,1359,1333,-1,1333,1359,1356,-1,1333,1356,1334,-1,1334,1356,1336,-1,1360,1361,1362,-1,1362,1361,1363,-1,1362,1363,1364,-1,1364,1363,1365,-1,1364,1365,1366,-1,1366,1365,1367,-1,1366,1367,1368,-1,1366,1368,1369,-1,1369,1368,1370,-1,1369,1370,1371,-1,1371,1370,1372,-1,1371,1372,1373,-1,1373,1372,1374,-1,1373,1374,1375,-1,1375,1374,1376,-1,1375,1376,1377,-1,1377,1376,1378,-1,1377,1378,1379,-1,1379,1378,1380,-1,1379,1380,1381,-1,1381,1380,1382,-1,1381,1382,1383,-1,1383,1382,1384,-1,1383,1384,1385,-1,1385,1384,1386,-1,1385,1386,1387,-1,1387,1386,1388,-1,1387,1388,1389,-1,1389,1388,1390,-1,1389,1390,1391,-1,1391,1390,1392,-1,1392,1390,1393,-1,1392,1393,1360,-1,1360,1393,1361,-1,1365,1363,1393,-1,1393,1363,1361,-1,1386,1384,1382,-1,1390,1378,1376,-1,1390,1388,1378,-1,1378,1388,1386,-1,1378,1386,1380,-1,1380,1386,1382,-1,1376,1374,1390,-1,1390,1374,1372,-1,1390,1372,1370,-1,1365,1393,1367,-1,1367,1393,1390,-1,1367,1390,1368,-1,1368,1390,1370,-1,1394,1395,1396,-1,1396,1395,1397,-1,1396,1397,1398,-1,1398,1397,1399,-1,1398,1399,1400,-1,1400,1399,1401,-1,1400,1401,1402,-1,1400,1402,1403,-1,1403,1402,1404,-1,1403,1404,1405,-1,1405,1404,1406,-1,1405,1406,1407,-1,1407,1406,1408,-1,1407,1408,1409,-1,1409,1408,1410,-1,1409,1410,1411,-1,1411,1410,1412,-1,1411,1412,1413,-1,1413,1412,1414,-1,1413,1414,1415,-1,1415,1414,1416,-1,1415,1416,1417,-1,1417,1416,1418,-1,1417,1418,1419,-1,1419,1418,1420,-1,1419,1420,1421,-1,1421,1420,1422,-1,1421,1422,1423,-1,1423,1422,1424,-1,1423,1424,1425,-1,1425,1424,1426,-1,1426,1424,1427,-1,1426,1427,1394,-1,1394,1427,1395,-1,1399,1397,1427,-1,1427,1397,1395,-1,1399,1427,1401,-1,1401,1427,1424,-1,1401,1424,1402,-1,1420,1418,1416,-1,1414,1412,1424,-1,1424,1412,1410,-1,1424,1410,1408,-1,1414,1424,1416,-1,1416,1424,1422,-1,1416,1422,1420,-1,1408,1406,1424,-1,1424,1406,1404,-1,1424,1404,1402,-1,1428,1429,1430,-1,1430,1429,1431,-1,1430,1431,1432,-1,1432,1431,1433,-1,1432,1433,1434,-1,1434,1433,1435,-1,1434,1435,1436,-1,1434,1436,1437,-1,1437,1436,1438,-1,1437,1438,1439,-1,1439,1438,1440,-1,1439,1440,1441,-1,1441,1440,1442,-1,1441,1442,1443,-1,1443,1442,1444,-1,1443,1444,1445,-1,1445,1444,1446,-1,1445,1446,1447,-1,1447,1446,1448,-1,1447,1448,1449,-1,1449,1448,1450,-1,1449,1450,1451,-1,1451,1450,1452,-1,1451,1452,1453,-1,1453,1452,1454,-1,1453,1454,1455,-1,1455,1454,1456,-1,1455,1456,1457,-1,1457,1456,1458,-1,1457,1458,1459,-1,1459,1458,1460,-1,1460,1458,1461,-1,1460,1461,1428,-1,1428,1461,1429,-1,1433,1431,1461,-1,1461,1431,1429,-1,1435,1433,1461,-1,1448,1446,1435,-1,1435,1446,1444,-1,1435,1444,1442,-1,1461,1458,1435,-1,1435,1458,1456,-1,1435,1456,1454,-1,1440,1438,1442,-1,1442,1438,1436,-1,1442,1436,1435,-1,1454,1452,1435,-1,1435,1452,1450,-1,1435,1450,1448,-1,1462,1463,1464,-1,1464,1463,1465,-1,1464,1465,1466,-1,1466,1465,1467,-1,1466,1467,1468,-1,1468,1467,1469,-1,1468,1469,1470,-1,1468,1470,1471,-1,1471,1470,1472,-1,1471,1472,1473,-1,1473,1472,1474,-1,1473,1474,1475,-1,1475,1474,1476,-1,1475,1476,1477,-1,1477,1476,1478,-1,1477,1478,1479,-1,1479,1478,1480,-1,1479,1480,1481,-1,1481,1480,1482,-1,1481,1482,1483,-1,1483,1482,1484,-1,1483,1484,1485,-1,1485,1484,1486,-1,1485,1486,1487,-1,1487,1486,1488,-1,1487,1488,1489,-1,1489,1488,1490,-1,1489,1490,1491,-1,1491,1490,1492,-1,1491,1492,1493,-1,1493,1492,1494,-1,1494,1492,1495,-1,1494,1495,1462,-1,1462,1495,1463,-1,1467,1465,1495,-1,1495,1465,1463,-1,1467,1495,1469,-1,1469,1495,1492,-1,1482,1480,1492,-1,1488,1486,1484,-1,1480,1478,1492,-1,1492,1478,1476,-1,1492,1476,1474,-1,1474,1472,1492,-1,1492,1472,1470,-1,1492,1470,1469,-1,1482,1492,1484,-1,1484,1492,1490,-1,1484,1490,1488,-1,1496,1497,1498,-1,1498,1497,1499,-1,1498,1499,1500,-1,1500,1499,1501,-1,1500,1501,1502,-1,1502,1501,1503,-1,1502,1503,1504,-1,1502,1504,1505,-1,1505,1504,1506,-1,1505,1506,1507,-1,1507,1506,1508,-1,1507,1508,1509,-1,1509,1508,1510,-1,1509,1510,1511,-1,1511,1510,1512,-1,1511,1512,1513,-1,1513,1512,1514,-1,1513,1514,1515,-1,1515,1514,1516,-1,1515,1516,1517,-1,1517,1516,1518,-1,1517,1518,1519,-1,1519,1518,1520,-1,1519,1520,1521,-1,1521,1520,1522,-1,1521,1522,1523,-1,1523,1522,1524,-1,1523,1524,1525,-1,1525,1524,1526,-1,1525,1526,1527,-1,1527,1526,1528,-1,1528,1526,1529,-1,1528,1529,1496,-1,1496,1529,1497,-1,1501,1499,1529,-1,1529,1499,1497,-1,1501,1529,1503,-1,1503,1529,1526,-1,1516,1514,1526,-1,1522,1520,1518,-1,1514,1512,1526,-1,1526,1512,1510,-1,1526,1510,1508,-1,1508,1506,1526,-1,1526,1506,1504,-1,1526,1504,1503,-1,1516,1526,1518,-1,1518,1526,1524,-1,1518,1524,1522,-1,1530,1531,1532,-1,1532,1531,1533,-1,1532,1533,1534,-1,1534,1533,1535,-1,1534,1535,1536,-1,1536,1535,1537,-1,1536,1537,1538,-1,1536,1538,1539,-1,1539,1538,1540,-1,1539,1540,1541,-1,1541,1540,1542,-1,1541,1542,1543,-1,1543,1542,1544,-1,1543,1544,1545,-1,1545,1544,1546,-1,1545,1546,1547,-1,1547,1546,1548,-1,1547,1548,1549,-1,1549,1548,1550,-1,1549,1550,1551,-1,1551,1550,1552,-1,1551,1552,1553,-1,1553,1552,1554,-1,1553,1554,1555,-1,1555,1554,1556,-1,1555,1556,1557,-1,1557,1556,1558,-1,1557,1558,1559,-1,1559,1558,1560,-1,1559,1560,1561,-1,1561,1560,1562,-1,1562,1560,1563,-1,1562,1563,1530,-1,1530,1563,1531,-1,1535,1533,1563,-1,1563,1533,1531,-1,1556,1554,1552,-1,1560,1548,1546,-1,1560,1558,1548,-1,1548,1558,1556,-1,1548,1556,1550,-1,1550,1556,1552,-1,1546,1544,1560,-1,1560,1544,1542,-1,1560,1542,1540,-1,1535,1563,1537,-1,1537,1563,1560,-1,1537,1560,1538,-1,1538,1560,1540,-1,1564,1565,1566,-1,1566,1565,1567,-1,1566,1567,1568,-1,1568,1567,1569,-1,1568,1569,1570,-1,1570,1569,1571,-1,1570,1571,1572,-1,1570,1572,1573,-1,1573,1572,1574,-1,1573,1574,1575,-1,1575,1574,1576,-1,1575,1576,1577,-1,1577,1576,1578,-1,1577,1578,1579,-1,1579,1578,1580,-1,1579,1580,1581,-1,1581,1580,1582,-1,1581,1582,1583,-1,1583,1582,1584,-1,1583,1584,1585,-1,1585,1584,1586,-1,1585,1586,1587,-1,1587,1586,1588,-1,1587,1588,1589,-1,1589,1588,1590,-1,1589,1590,1591,-1,1591,1590,1592,-1,1591,1592,1593,-1,1593,1592,1594,-1,1593,1594,1595,-1,1595,1594,1596,-1,1596,1594,1597,-1,1596,1597,1564,-1,1564,1597,1565,-1,1569,1567,1597,-1,1597,1567,1565,-1,1590,1588,1586,-1,1594,1582,1580,-1,1594,1592,1582,-1,1582,1592,1590,-1,1582,1590,1584,-1,1584,1590,1586,-1,1580,1578,1594,-1,1594,1578,1576,-1,1594,1576,1574,-1,1569,1597,1571,-1,1571,1597,1594,-1,1571,1594,1572,-1,1572,1594,1574,-1,1598,1599,1600,-1,1600,1599,1601,-1,1600,1601,1602,-1,1602,1601,1603,-1,1602,1603,1604,-1,1604,1603,1605,-1,1604,1605,1606,-1,1604,1606,1607,-1,1607,1606,1608,-1,1607,1608,1609,-1,1609,1608,1610,-1,1609,1610,1611,-1,1611,1610,1612,-1,1611,1612,1613,-1,1613,1612,1614,-1,1613,1614,1615,-1,1615,1614,1616,-1,1615,1616,1617,-1,1617,1616,1618,-1,1617,1618,1619,-1,1619,1618,1620,-1,1619,1620,1621,-1,1621,1620,1622,-1,1621,1622,1623,-1,1623,1622,1624,-1,1623,1624,1625,-1,1625,1624,1626,-1,1625,1626,1627,-1,1627,1626,1628,-1,1627,1628,1629,-1,1629,1628,1630,-1,1630,1628,1631,-1,1630,1631,1598,-1,1598,1631,1599,-1,1603,1601,1631,-1,1631,1601,1599,-1,1624,1622,1620,-1,1628,1616,1614,-1,1628,1626,1616,-1,1616,1626,1624,-1,1616,1624,1618,-1,1618,1624,1620,-1,1614,1612,1628,-1,1628,1612,1610,-1,1628,1610,1608,-1,1603,1631,1605,-1,1605,1631,1628,-1,1605,1628,1606,-1,1606,1628,1608,-1,1632,1633,1634,-1,1634,1633,1635,-1,1634,1635,1636,-1,1636,1635,1637,-1,1636,1637,1638,-1,1638,1637,1639,-1,1638,1639,1640,-1,1638,1640,1641,-1,1641,1640,1642,-1,1641,1642,1643,-1,1643,1642,1644,-1,1643,1644,1645,-1,1645,1644,1646,-1,1645,1646,1647,-1,1647,1646,1648,-1,1647,1648,1649,-1,1649,1648,1650,-1,1649,1650,1651,-1,1651,1650,1652,-1,1651,1652,1653,-1,1653,1652,1654,-1,1653,1654,1655,-1,1655,1654,1656,-1,1655,1656,1657,-1,1657,1656,1658,-1,1657,1658,1659,-1,1659,1658,1660,-1,1659,1660,1661,-1,1661,1660,1662,-1,1661,1662,1663,-1,1663,1662,1664,-1,1664,1662,1665,-1,1664,1665,1632,-1,1632,1665,1633,-1,1637,1635,1665,-1,1665,1635,1633,-1,1654,1652,1639,-1,1637,1665,1639,-1,1639,1665,1662,-1,1639,1662,1660,-1,1660,1658,1639,-1,1639,1658,1656,-1,1639,1656,1654,-1,1652,1650,1639,-1,1639,1650,1648,-1,1639,1648,1646,-1,1644,1642,1646,-1,1646,1642,1640,-1,1646,1640,1639,-1,1666,1667,1668,-1,1668,1667,1669,-1,1668,1669,1670,-1,1670,1669,1671,-1,1670,1671,1672,-1,1672,1671,1673,-1,1672,1673,1674,-1,1672,1674,1675,-1,1675,1674,1676,-1,1675,1676,1677,-1,1677,1676,1678,-1,1677,1678,1679,-1,1679,1678,1680,-1,1679,1680,1681,-1,1681,1680,1682,-1,1681,1682,1683,-1,1683,1682,1684,-1,1683,1684,1685,-1,1685,1684,1686,-1,1685,1686,1687,-1,1687,1686,1688,-1,1687,1688,1689,-1,1689,1688,1690,-1,1689,1690,1691,-1,1691,1690,1692,-1,1691,1692,1693,-1,1693,1692,1694,-1,1693,1694,1695,-1,1695,1694,1696,-1,1695,1696,1697,-1,1697,1696,1698,-1,1698,1696,1699,-1,1698,1699,1666,-1,1666,1699,1667,-1,1671,1669,1699,-1,1699,1669,1667,-1,1688,1686,1673,-1,1671,1699,1673,-1,1673,1699,1696,-1,1673,1696,1694,-1,1694,1692,1673,-1,1673,1692,1690,-1,1673,1690,1688,-1,1686,1684,1673,-1,1673,1684,1682,-1,1673,1682,1680,-1,1678,1676,1680,-1,1680,1676,1674,-1,1680,1674,1673,-1,1700,1701,1702,-1,1702,1701,1703,-1,1702,1703,1704,-1,1704,1703,1705,-1,1704,1705,1706,-1,1706,1705,1707,-1,1706,1707,1708,-1,1706,1708,1709,-1,1709,1708,1710,-1,1709,1710,1711,-1,1711,1710,1712,-1,1711,1712,1713,-1,1713,1712,1714,-1,1713,1714,1715,-1,1715,1714,1716,-1,1715,1716,1717,-1,1717,1716,1718,-1,1717,1718,1719,-1,1719,1718,1720,-1,1719,1720,1721,-1,1721,1720,1722,-1,1721,1722,1723,-1,1723,1722,1724,-1,1723,1724,1725,-1,1725,1724,1726,-1,1725,1726,1727,-1,1727,1726,1728,-1,1727,1728,1729,-1,1729,1728,1730,-1,1729,1730,1731,-1,1731,1730,1732,-1,1732,1730,1733,-1,1732,1733,1700,-1,1700,1733,1701,-1,1705,1703,1733,-1,1733,1703,1701,-1,1705,1733,1707,-1,1707,1733,1730,-1,1707,1730,1708,-1,1708,1730,1710,-1,1728,1714,1730,-1,1730,1714,1712,-1,1730,1712,1710,-1,1728,1726,1714,-1,1714,1726,1724,-1,1714,1724,1722,-1,1722,1720,1714,-1,1714,1720,1718,-1,1714,1718,1716,-1,1734,1735,1736,-1,1736,1735,1737,-1,1736,1737,1738,-1,1738,1737,1739,-1,1738,1739,1740,-1,1740,1739,1741,-1,1740,1741,1742,-1,1740,1742,1743,-1,1743,1742,1744,-1,1743,1744,1745,-1,1745,1744,1746,-1,1745,1746,1747,-1,1747,1746,1748,-1,1747,1748,1749,-1,1749,1748,1750,-1,1749,1750,1751,-1,1751,1750,1752,-1,1751,1752,1753,-1,1753,1752,1754,-1,1753,1754,1755,-1,1755,1754,1756,-1,1755,1756,1757,-1,1757,1756,1758,-1,1757,1758,1759,-1,1759,1758,1760,-1,1759,1760,1761,-1,1761,1760,1762,-1,1761,1762,1763,-1,1763,1762,1764,-1,1763,1764,1765,-1,1765,1764,1766,-1,1766,1764,1767,-1,1766,1767,1734,-1,1734,1767,1735,-1,1739,1737,1767,-1,1767,1737,1735,-1,1739,1767,1741,-1,1741,1767,1764,-1,1741,1764,1742,-1,1742,1764,1762,-1,1762,1760,1742,-1,1742,1760,1758,-1,1742,1758,1756,-1,1756,1754,1742,-1,1742,1754,1752,-1,1742,1752,1750,-1,1750,1748,1742,-1,1742,1748,1746,-1,1742,1746,1744,-1,1768,1769,1770,-1,1770,1769,1771,-1,1770,1771,1772,-1,1772,1771,1773,-1,1772,1773,1774,-1,1774,1773,1775,-1,1774,1775,1776,-1,1774,1776,1777,-1,1777,1776,1778,-1,1777,1778,1779,-1,1779,1778,1780,-1,1779,1780,1781,-1,1781,1780,1782,-1,1781,1782,1783,-1,1783,1782,1784,-1,1783,1784,1785,-1,1785,1784,1786,-1,1785,1786,1787,-1,1787,1786,1788,-1,1787,1788,1789,-1,1789,1788,1790,-1,1789,1790,1791,-1,1791,1790,1792,-1,1791,1792,1793,-1,1793,1792,1794,-1,1793,1794,1795,-1,1795,1794,1796,-1,1795,1796,1797,-1,1797,1796,1798,-1,1797,1798,1799,-1,1799,1798,1800,-1,1800,1798,1801,-1,1800,1801,1768,-1,1768,1801,1769,-1,1773,1771,1801,-1,1801,1771,1769,-1,1773,1801,1775,-1,1775,1801,1798,-1,1775,1798,1776,-1,1794,1792,1778,-1,1776,1798,1778,-1,1778,1798,1796,-1,1778,1796,1794,-1,1792,1790,1778,-1,1778,1790,1788,-1,1778,1788,1786,-1,1786,1784,1778,-1,1778,1784,1782,-1,1778,1782,1780,-1,1802,1803,1804,-1,1804,1803,1805,-1,1804,1805,1806,-1,1806,1805,1807,-1,1806,1807,1808,-1,1808,1807,1809,-1,1808,1809,1810,-1,1808,1810,1811,-1,1811,1810,1812,-1,1811,1812,1813,-1,1813,1812,1814,-1,1813,1814,1815,-1,1815,1814,1816,-1,1815,1816,1817,-1,1817,1816,1818,-1,1817,1818,1819,-1,1819,1818,1820,-1,1819,1820,1821,-1,1821,1820,1822,-1,1821,1822,1823,-1,1823,1822,1824,-1,1823,1824,1825,-1,1825,1824,1826,-1,1825,1826,1827,-1,1827,1826,1828,-1,1827,1828,1829,-1,1829,1828,1830,-1,1829,1830,1831,-1,1831,1830,1832,-1,1831,1832,1833,-1,1833,1832,1834,-1,1834,1832,1835,-1,1834,1835,1802,-1,1802,1835,1803,-1,1807,1805,1835,-1,1835,1805,1803,-1,1807,1835,1809,-1,1809,1835,1832,-1,1832,1830,1809,-1,1809,1830,1828,-1,1809,1828,1826,-1,1826,1824,1809,-1,1809,1824,1822,-1,1809,1822,1810,-1,1810,1822,1820,-1,1810,1820,1818,-1,1818,1816,1810,-1,1810,1816,1814,-1,1810,1814,1812,-1,1836,1837,1838,-1,1838,1837,1839,-1,1838,1839,1840,-1,1840,1839,1841,-1,1840,1841,1842,-1,1842,1841,1843,-1,1842,1843,1844,-1,1842,1844,1845,-1,1845,1844,1846,-1,1845,1846,1847,-1,1847,1846,1848,-1,1847,1848,1849,-1,1849,1848,1850,-1,1849,1850,1851,-1,1851,1850,1852,-1,1851,1852,1853,-1,1853,1852,1854,-1,1853,1854,1855,-1,1855,1854,1856,-1,1855,1856,1857,-1,1857,1856,1858,-1,1857,1858,1859,-1,1859,1858,1860,-1,1859,1860,1861,-1,1861,1860,1862,-1,1861,1862,1863,-1,1863,1862,1864,-1,1863,1864,1865,-1,1865,1864,1866,-1,1865,1866,1867,-1,1867,1866,1868,-1,1868,1866,1869,-1,1868,1869,1836,-1,1836,1869,1837,-1,1841,1839,1869,-1,1869,1839,1837,-1,1841,1869,1843,-1,1843,1869,1866,-1,1866,1864,1843,-1,1843,1864,1862,-1,1843,1862,1860,-1,1854,1852,1850,-1,1860,1858,1843,-1,1843,1858,1856,-1,1843,1856,1844,-1,1844,1856,1846,-1,1854,1850,1856,-1,1856,1850,1848,-1,1856,1848,1846,-1,1870,1871,1872,-1,1872,1871,1873,-1,1872,1873,1874,-1,1874,1873,1875,-1,1874,1875,1876,-1,1876,1875,1877,-1,1876,1877,1878,-1,1876,1878,1879,-1,1879,1878,1880,-1,1879,1880,1881,-1,1881,1880,1882,-1,1881,1882,1883,-1,1883,1882,1884,-1,1883,1884,1885,-1,1885,1884,1886,-1,1885,1886,1887,-1,1887,1886,1888,-1,1887,1888,1889,-1,1889,1888,1890,-1,1889,1890,1891,-1,1891,1890,1892,-1,1891,1892,1893,-1,1893,1892,1894,-1,1893,1894,1895,-1,1895,1894,1896,-1,1895,1896,1897,-1,1897,1896,1898,-1,1897,1898,1899,-1,1899,1898,1900,-1,1899,1900,1901,-1,1901,1900,1902,-1,1902,1900,1903,-1,1902,1903,1870,-1,1870,1903,1871,-1,1875,1873,1903,-1,1903,1873,1871,-1,1877,1875,1903,-1,1903,1900,1877,-1,1877,1900,1898,-1,1877,1898,1896,-1,1896,1894,1877,-1,1877,1894,1892,-1,1877,1892,1890,-1,1888,1880,1890,-1,1890,1880,1878,-1,1890,1878,1877,-1,1888,1886,1880,-1,1880,1886,1884,-1,1880,1884,1882,-1,1904,1905,1906,-1,1906,1905,1907,-1,1906,1907,1908,-1,1908,1907,1909,-1,1908,1909,1910,-1,1910,1909,1911,-1,1910,1911,1912,-1,1910,1912,1913,-1,1913,1912,1914,-1,1913,1914,1915,-1,1915,1914,1916,-1,1915,1916,1917,-1,1917,1916,1918,-1,1917,1918,1919,-1,1919,1918,1920,-1,1919,1920,1921,-1,1921,1920,1922,-1,1921,1922,1923,-1,1923,1922,1924,-1,1923,1924,1925,-1,1925,1924,1926,-1,1925,1926,1927,-1,1927,1926,1928,-1,1927,1928,1929,-1,1929,1928,1930,-1,1929,1930,1931,-1,1931,1930,1932,-1,1931,1932,1933,-1,1933,1932,1934,-1,1933,1934,1935,-1,1935,1934,1936,-1,1936,1934,1937,-1,1936,1937,1904,-1,1904,1937,1905,-1,1909,1907,1937,-1,1937,1907,1905,-1,1909,1937,1911,-1,1911,1937,1934,-1,1932,1914,1934,-1,1934,1914,1912,-1,1934,1912,1911,-1,1928,1920,1918,-1,1928,1926,1920,-1,1920,1926,1924,-1,1920,1924,1922,-1,1932,1930,1914,-1,1914,1930,1928,-1,1914,1928,1916,-1,1916,1928,1918,-1,1938,1939,1940,-1,1940,1939,1941,-1,1940,1941,1942,-1,1942,1941,1943,-1,1942,1943,1944,-1,1944,1943,1945,-1,1944,1945,1946,-1,1944,1946,1947,-1,1947,1946,1948,-1,1947,1948,1949,-1,1949,1948,1950,-1,1949,1950,1951,-1,1951,1950,1952,-1,1951,1952,1953,-1,1953,1952,1954,-1,1953,1954,1955,-1,1955,1954,1956,-1,1955,1956,1957,-1,1957,1956,1958,-1,1957,1958,1959,-1,1959,1958,1960,-1,1959,1960,1961,-1,1961,1960,1962,-1,1961,1962,1963,-1,1963,1962,1964,-1,1963,1964,1965,-1,1965,1964,1966,-1,1965,1966,1967,-1,1967,1966,1968,-1,1967,1968,1969,-1,1969,1968,1970,-1,1970,1968,1971,-1,1970,1971,1938,-1,1938,1971,1939,-1,1943,1941,1971,-1,1971,1941,1939,-1,1943,1971,1945,-1,1945,1971,1968,-1,1945,1968,1966,-1,1956,1954,1952,-1,1948,1946,1958,-1,1958,1946,1945,-1,1958,1945,1960,-1,1966,1964,1945,-1,1945,1964,1962,-1,1945,1962,1960,-1,1956,1952,1958,-1,1958,1952,1950,-1,1958,1950,1948,-1,1972,1973,1974,-1,1974,1973,1975,-1,1974,1975,1976,-1,1976,1975,1977,-1,1976,1977,1978,-1,1978,1977,1979,-1,1978,1979,1980,-1,1978,1980,1981,-1,1981,1980,1982,-1,1981,1982,1983,-1,1983,1982,1984,-1,1983,1984,1985,-1,1985,1984,1986,-1,1985,1986,1987,-1,1987,1986,1988,-1,1987,1988,1989,-1,1989,1988,1990,-1,1989,1990,1991,-1,1991,1990,1992,-1,1991,1992,1993,-1,1993,1992,1994,-1,1993,1994,1995,-1,1995,1994,1996,-1,1995,1996,1997,-1,1997,1996,1998,-1,1997,1998,1999,-1,1999,1998,2000,-1,1999,2000,2001,-1,2001,2000,2002,-1,2001,2002,2003,-1,2003,2002,2004,-1,2004,2002,2005,-1,2004,2005,1972,-1,1972,2005,1973,-1,1977,1975,2005,-1,2005,1975,1973,-1,1977,2005,1979,-1,1979,2005,2002,-1,1979,2002,2000,-1,2000,1998,1979,-1,1979,1998,1996,-1,1979,1996,1980,-1,1980,1996,1982,-1,1994,1986,1996,-1,1996,1986,1984,-1,1996,1984,1982,-1,1994,1992,1986,-1,1986,1992,1990,-1,1986,1990,1988,-1,2006,2007,2008,-1,2008,2007,2009,-1,2008,2009,2010,-1,2010,2009,2011,-1,2010,2011,2012,-1,2012,2011,2013,-1,2012,2013,2014,-1,2012,2014,2015,-1,2015,2014,2016,-1,2015,2016,2017,-1,2017,2016,2018,-1,2017,2018,2019,-1,2019,2018,2020,-1,2019,2020,2021,-1,2021,2020,2022,-1,2021,2022,2023,-1,2023,2022,2024,-1,2023,2024,2025,-1,2025,2024,2026,-1,2025,2026,2027,-1,2027,2026,2028,-1,2027,2028,2029,-1,2029,2028,2030,-1,2029,2030,2031,-1,2031,2030,2032,-1,2031,2032,2033,-1,2033,2032,2034,-1,2033,2034,2035,-1,2035,2034,2036,-1,2035,2036,2037,-1,2037,2036,2038,-1,2038,2036,2039,-1,2038,2039,2006,-1,2006,2039,2007,-1,2011,2009,2039,-1,2039,2009,2007,-1,2011,2039,2013,-1,2013,2039,2036,-1,2013,2036,2014,-1,2014,2036,2034,-1,2034,2032,2014,-1,2014,2032,2030,-1,2014,2030,2028,-1,2028,2026,2014,-1,2014,2026,2024,-1,2014,2024,2022,-1,2022,2020,2014,-1,2014,2020,2018,-1,2014,2018,2016,-1,2040,2041,2042,-1,2042,2041,2043,-1,2042,2043,2044,-1,2044,2043,2045,-1,2044,2045,2046,-1,2046,2045,2047,-1,2046,2047,2048,-1,2046,2048,2049,-1,2049,2048,2050,-1,2049,2050,2051,-1,2051,2050,2052,-1,2051,2052,2053,-1,2053,2052,2054,-1,2053,2054,2055,-1,2055,2054,2056,-1,2055,2056,2057,-1,2057,2056,2058,-1,2057,2058,2059,-1,2059,2058,2060,-1,2059,2060,2061,-1,2061,2060,2062,-1,2061,2062,2063,-1,2063,2062,2064,-1,2063,2064,2065,-1,2065,2064,2066,-1,2065,2066,2067,-1,2067,2066,2068,-1,2067,2068,2069,-1,2069,2068,2070,-1,2069,2070,2071,-1,2071,2070,2072,-1,2072,2070,2073,-1,2072,2073,2040,-1,2040,2073,2041,-1,2045,2043,2073,-1,2073,2043,2041,-1,2045,2073,2047,-1,2047,2073,2070,-1,2047,2070,2048,-1,2066,2064,2050,-1,2048,2070,2050,-1,2050,2070,2068,-1,2050,2068,2066,-1,2064,2062,2050,-1,2050,2062,2060,-1,2050,2060,2058,-1,2058,2056,2050,-1,2050,2056,2054,-1,2050,2054,2052,-1,2074,2075,2076,-1,2076,2075,2077,-1,2076,2077,2078,-1,2078,2077,2079,-1,2078,2079,2080,-1,2080,2079,2081,-1,2080,2081,2082,-1,2080,2082,2083,-1,2083,2082,2084,-1,2083,2084,2085,-1,2085,2084,2086,-1,2085,2086,2087,-1,2087,2086,2088,-1,2087,2088,2089,-1,2089,2088,2090,-1,2089,2090,2091,-1,2091,2090,2092,-1,2091,2092,2093,-1,2093,2092,2094,-1,2093,2094,2095,-1,2095,2094,2096,-1,2095,2096,2097,-1,2097,2096,2098,-1,2097,2098,2099,-1,2099,2098,2100,-1,2099,2100,2101,-1,2101,2100,2102,-1,2101,2102,2103,-1,2103,2102,2104,-1,2103,2104,2105,-1,2105,2104,2106,-1,2106,2104,2107,-1,2106,2107,2074,-1,2074,2107,2075,-1,2079,2077,2107,-1,2107,2077,2075,-1,2079,2107,2081,-1,2081,2107,2104,-1,2104,2102,2081,-1,2081,2102,2100,-1,2081,2100,2098,-1,2092,2090,2088,-1,2098,2096,2081,-1,2081,2096,2094,-1,2081,2094,2082,-1,2082,2094,2084,-1,2092,2088,2094,-1,2094,2088,2086,-1,2094,2086,2084,-1,2108,2109,2110,-1,2110,2109,2111,-1,2110,2111,2112,-1,2112,2111,2113,-1,2112,2113,2114,-1,2114,2113,2115,-1,2114,2115,2116,-1,2114,2116,2117,-1,2117,2116,2118,-1,2117,2118,2119,-1,2119,2118,2120,-1,2119,2120,2121,-1,2121,2120,2122,-1,2121,2122,2123,-1,2123,2122,2124,-1,2123,2124,2125,-1,2125,2124,2126,-1,2125,2126,2127,-1,2127,2126,2128,-1,2127,2128,2129,-1,2129,2128,2130,-1,2129,2130,2131,-1,2131,2130,2132,-1,2131,2132,2133,-1,2133,2132,2134,-1,2133,2134,2135,-1,2135,2134,2136,-1,2135,2136,2137,-1,2137,2136,2138,-1,2137,2138,2139,-1,2139,2138,2140,-1,2140,2138,2141,-1,2140,2141,2108,-1,2108,2141,2109,-1,2113,2111,2141,-1,2141,2111,2109,-1,2113,2141,2115,-1,2115,2141,2138,-1,2138,2136,2115,-1,2115,2136,2134,-1,2115,2134,2132,-1,2126,2124,2122,-1,2132,2130,2115,-1,2115,2130,2128,-1,2115,2128,2116,-1,2116,2128,2118,-1,2126,2122,2128,-1,2128,2122,2120,-1,2128,2120,2118,-1,2142,2143,2144,-1,2144,2143,2145,-1,2144,2145,2146,-1,2146,2145,2147,-1,2146,2147,2148,-1,2148,2147,2149,-1,2148,2149,2150,-1,2148,2150,2151,-1,2151,2150,2152,-1,2151,2152,2153,-1,2153,2152,2154,-1,2153,2154,2155,-1,2155,2154,2156,-1,2155,2156,2157,-1,2157,2156,2158,-1,2157,2158,2159,-1,2159,2158,2160,-1,2159,2160,2161,-1,2161,2160,2162,-1,2161,2162,2163,-1,2163,2162,2164,-1,2163,2164,2165,-1,2165,2164,2166,-1,2165,2166,2167,-1,2167,2166,2168,-1,2167,2168,2169,-1,2169,2168,2170,-1,2169,2170,2171,-1,2171,2170,2172,-1,2171,2172,2173,-1,2173,2172,2174,-1,2174,2172,2175,-1,2174,2175,2142,-1,2142,2175,2143,-1,2147,2145,2175,-1,2175,2145,2143,-1,2149,2147,2175,-1,2175,2172,2149,-1,2149,2172,2170,-1,2149,2170,2168,-1,2168,2166,2149,-1,2149,2166,2164,-1,2149,2164,2162,-1,2160,2152,2162,-1,2162,2152,2150,-1,2162,2150,2149,-1,2160,2158,2152,-1,2152,2158,2156,-1,2152,2156,2154,-1,2176,2177,2178,-1,2176,2178,2179,-1,2179,2178,2180,-1,2179,2180,2181,-1,2181,2180,2182,-1,2181,2182,2183,-1,2183,2182,2184,-1,2183,2184,2185,-1,2185,2184,2186,-1,2185,2186,2187,-1,2187,2186,2188,-1,2187,2188,2189,-1,2189,2188,2190,-1,2190,2188,2191,-1,2190,2191,2192,-1,2192,2191,2193,-1,2192,2193,2194,-1,2194,2193,2195,-1,2194,2195,2196,-1,2196,2195,2197,-1,2196,2197,2198,-1,2198,2197,2199,-1,2198,2199,2200,-1,2200,2199,2201,-1,2200,2201,2202,-1,2202,2201,2203,-1,2202,2203,2204,-1,2204,2203,2205,-1,2205,2203,2206,-1,2205,2206,2207,-1,2207,2206,2208,-1,2207,2208,2209,-1,2209,2208,2210,-1,2209,2210,2211,-1,2211,2210,2212,-1,2211,2212,2213,-1,2213,2212,2214,-1,2213,2214,2215,-1,2215,2214,2216,-1,2215,2216,2217,-1,2217,2216,2218,-1,2217,2218,2219,-1,2219,2218,2220,-1,2220,2218,2221,-1,2220,2221,2222,-1,2222,2221,2223,-1,2222,2223,2224,-1,2224,2223,2225,-1,2224,2225,2226,-1,2226,2225,2227,-1,2226,2227,2228,-1,2228,2227,2229,-1,2228,2229,2230,-1,2230,2229,2231,-1,2230,2231,2232,-1,2232,2231,2233,-1,2232,2233,2234,-1,2234,2233,2235,-1,2235,2233,2177,-1,2235,2177,2176,-1,
        ]
    }
}
Shape{
    appearance Appearance {
        material  Material 	{
            diffuseColor 0.0 0.0 0.0
            specularColor 0.0 0.0 0.0
            ambientIntensity 0.0
            transparency 0.0
            shininess 0.5
        }
    }
    geometry IndexedFaceSet {
        ccw TRUE
        solid FALSE
        coord DEF co Coordinate {
            point [
                -0.3354 -0.0274 0.0079, -0.3288 -0.049 0.0079, -0.4013 -0.0274 0.0079, -0.4101 -0.049 0.0079, -0.3648 0.0548 0.0079, -0.3556 0.0927 0.0079, -0.2812 -0.1042 0.0079, -0.31 -0.1042 0.0079, -0.3667 0.0617 0.0079, -0.3679 0.0686 0.0079, -0.382 0.0927 0.0079, -0.3686 0.0686 0.0079, -0.3699 0.0617 0.0079, -0.3716 0.0548 0.0079, -0.4588 -0.1042 0.0079, -0.43 -0.1042 0.0079, -0.4101 -0.049 0.0, -0.43 -0.1042 0.0, -0.3288 -0.049 0.0, -0.31 -0.1042 0.0, -0.2812 -0.1042 0.0, -0.3556 0.0927 0.0, -0.382 0.0927 0.0, -0.4588 -0.1042 0.0, -0.3716 0.0548 0.0, -0.3699 0.0617 0.0, -0.3686 0.0686 0.0, -0.3679 0.0686 0.0, -0.3667 0.0617 0.0, -0.3648 0.0548 0.0, -0.3354 -0.0274 0.0, -0.4013 -0.0274 0.0, -0.1639 0.0927 0.0079, -0.1639 0.0927 0.0, -0.1083 0.0927 0.0079, -0.1083 0.0927 0.0, -0.1923 0.0896 0.0079, -0.1923 0.0896 0.0, -0.2154 0.0815 0.0079, -0.2154 0.0815 0.0, -0.2368 0.0672 0.0079, -0.2368 0.0672 0.0, -0.237 0.067 0.0079, -0.237 0.067 0.0, -0.2509 0.0515 0.0079, -0.2509 0.0515 0.0, -0.2601 0.0346 0.0079, -0.2601 0.0346 0.0, -0.2653 0.0152 0.0079, -0.2653 0.0152 0.0, -0.2668 -0.0033 0.0079, -0.2668 -0.0033 0.0, -0.264 -0.0296 0.0079, -0.264 -0.0296 0.0, -0.257 -0.0502 0.0079, -0.257 -0.0502 0.0, -0.2457 -0.0679 0.0079, -0.2457 -0.0679 0.0, -0.2295 -0.0834 0.0079, -0.2295 -0.0834 0.0, -0.2089 -0.0953 0.0079, -0.2089 -0.0953 0.0, -0.1862 -0.1021 0.0079, -0.1862 -0.1021 0.0, -0.1619 -0.1042 0.0079, -0.1619 -0.1042 0.0, -0.1083 -0.1042 0.0079, -0.1083 -0.1042 0.0, -0.2273 0.0434 0.0079, -0.2177 0.0536 0.0079, -0.2033 0.0629 0.0079, -0.1871 0.0686 0.0079, -0.1638 0.071 0.0079, -0.1347 0.071 0.0079, -0.1347 -0.0826 0.0079, -0.1627 -0.0826 0.0079, -0.1835 -0.0807 0.0079, -0.2 -0.0755 0.0079, -0.2134 -0.0675 0.0079, -0.2245 -0.0566 0.0079, -0.2328 -0.043 0.0079, -0.2386 -0.0245 0.0079, -0.2404 -0.0039 0.0079, -0.2387 0.0157 0.0079, -0.2341 0.0313 0.0079, -0.1627 -0.0826 0.0, -0.1347 -0.0826 0.0, -0.1835 -0.0807 0.0, -0.2 -0.0755 0.0, -0.2134 -0.0675 0.0, -0.2245 -0.0566 0.0, -0.2328 -0.043 0.0, -0.2386 -0.0245 0.0, -0.2404 -0.0039 0.0, -0.2387 0.0157 0.0, -0.2341 0.0313 0.0, -0.2273 0.0434 0.0, -0.2177 0.0536 0.0, -0.2033 0.0629 0.0, -0.1871 0.0686 0.0, -0.1638 0.071 0.0, -0.1347 0.071 0.0, 0.0357 0.0927 0.0079, 0.0357 0.0927 0.0, 0.0357 -0.1042 0.0079, 0.0357 -0.1042 0.0, -0.0651 0.0927 0.0079, -0.0651 0.0927 0.0, -0.0651 0.071 0.0079, -0.0651 0.071 0.0, 0.0093 0.071 0.0079, 0.0093 0.071 0.0, 0.0093 0.0062 0.0079, 0.0093 0.0062 0.0, -0.0603 0.0062 0.0079, -0.0603 0.0062 0.0, -0.0603 -0.0154 0.0079, -0.0603 -0.0154 0.0, 0.0093 -0.0154 0.0079, 0.0093 -0.0154 0.0, 0.0093 -0.0826 0.0079, 0.0093 -0.0826 0.0, -0.0699 -0.0826 0.0079, -0.0699 -0.0826 0.0, -0.0699 -0.1042 0.0079, -0.0699 -0.1042 0.0, 0.1398 -0.1054 0.0, 0.1283 -0.1066 0.0, 0.1283 -0.1066 0.0079, 0.1525 -0.1041 0.0, 0.1525 -0.1041 0.0079, 0.1716 -0.0975 0.0079, 0.1716 -0.0975 0.0, 0.1874 -0.0874 0.0079, 0.1874 -0.0874 0.0, 0.2022 -0.0718 0.0079, 0.2022 -0.0718 0.0, 0.2127 -0.0531 0.0079, 0.2127 -0.0531 0.0, 0.2186 -0.0323 0.0079, 0.2186 -0.0323 0.0, 0.2205 -0.0095 0.0079, 0.2205 -0.0095 0.0, 0.2177 0.0185 0.0079, 0.2177 0.0185 0.0, 0.2102 0.0408 0.0079, 0.2102 0.0408 0.0, 0.1986 0.0592 0.0079, 0.1986 0.0592 0.0, 0.1808 0.0763 0.0079, 0.1808 0.0763 0.0, 0.1621 0.0871 0.0079, 0.1621 0.0871 0.0, 0.1402 0.0934 0.0079, 0.1402 0.0934 0.0, 0.1204 0.0951 0.0079, 0.1204 0.0951 0.0, 0.0969 0.0934 0.0079, 0.0969 0.0934 0.0, 0.0741 0.0873 0.0079, 0.0741 0.0873 0.0, 0.0741 0.0608 0.0079, 0.0741 0.0608 0.0, 0.0963 0.0703 0.0079, 0.0963 0.0703 0.0, 0.1202 0.0734 0.0079, 0.1202 0.0734 0.0, 0.1396 0.0713 0.0079, 0.1396 0.0713 0.0, 0.1543 0.066 0.0079, 0.1543 0.066 0.0, 0.1679 0.0568 0.0079, 0.1679 0.0568 0.0, 0.1798 0.0437 0.0079, 0.1798 0.0437 0.0, 0.188 0.0285 0.0079, 0.188 0.0285 0.0, 0.1932 0.0074 0.0079, 0.1932 0.0074 0.0, 0.1941 -0.0079 0.0079, 0.1941 -0.0079 0.0, 0.1921 -0.0292 0.0079, 0.1921 -0.0292 0.0, 0.1868 -0.0461 0.0079, 0.1868 -0.0461 0.0, 0.1787 -0.0598 0.0079, 0.1787 -0.0598 0.0, 0.1694 -0.0695 0.0079, 0.1694 -0.0695 0.0, 0.1573 -0.0777 0.0079, 0.1573 -0.0777 0.0, 0.143 -0.0829 0.0079, 0.143 -0.0829 0.0, 0.1246 -0.085 0.0079, 0.1246 -0.085 0.0, 0.0985 -0.0821 0.0079, 0.0985 -0.0821 0.0, 0.0776 -0.0743 0.0079, 0.0776 -0.0743 0.0, 0.0741 -0.0724 0.0079, 0.0741 -0.0724 0.0, 0.0741 -0.094 0.0079, 0.0741 -0.094 0.0, 0.0951 -0.1026 0.0, 0.0951 -0.1026 0.0079, 0.115 -0.1054 0.0, 0.1229 -0.1065 0.0079, 0.1229 -0.1065 0.0, 0.3382 0.0927 0.0079, 0.3382 0.0927 0.0, 0.3382 -0.1042 0.0079, 0.3382 -0.1042 0.0, 0.3118 0.0927 0.0079, 0.3118 0.0927 0.0, 0.3118 -0.0826 0.0079, 0.3118 -0.0826 0.0, 0.2373 -0.0826 0.0079, 0.2373 -0.0826 0.0, 0.2373 -0.1042 0.0079, 0.2373 -0.1042 0.0
            ]
        }
        coordIndex [
            0,1,2,-1,2,1,3,-1,4,5,0,-1,0,5,6,-1,0,6,1,-1,1,6,7,-1,4,8,5,-1,5,8,9,-1,5,9,10,-1,10,9,11,-1,10,11,12,-1,12,13,10,-1,10,13,2,-1,10,2,14,-1,14,2,3,-1,14,3,15,-1,3,16,15,-1,15,16,17,-1,1,18,3,-1,3,18,16,-1,7,19,1,-1,1,19,18,-1,6,20,7,-1,7,20,19,-1,5,21,6,-1,6,21,20,-1,10,22,5,-1,5,22,21,-1,14,23,10,-1,10,23,22,-1,14,15,23,-1,23,15,17,-1,24,13,12,-1,24,12,25,-1,25,12,11,-1,25,11,26,-1,9,27,11,-1,11,27,26,-1,27,9,8,-1,27,8,28,-1,28,8,4,-1,28,4,29,-1,0,30,4,-1,4,30,29,-1,2,31,0,-1,0,31,30,-1,24,31,13,-1,13,31,2,-1,32,33,34,-1,34,33,35,-1,33,32,36,-1,33,36,37,-1,37,36,38,-1,37,38,39,-1,39,38,40,-1,39,40,41,-1,41,40,42,-1,41,42,43,-1,43,42,44,-1,43,44,45,-1,45,44,46,-1,45,46,47,-1,47,46,48,-1,47,48,49,-1,49,48,50,-1,49,50,51,-1,51,50,52,-1,51,52,53,-1,53,52,54,-1,53,54,55,-1,55,54,56,-1,55,56,57,-1,57,56,58,-1,57,58,59,-1,59,58,60,-1,59,60,61,-1,61,60,62,-1,61,62,63,-1,63,62,64,-1,63,64,65,-1,66,67,64,-1,64,67,65,-1,66,34,67,-1,67,34,35,-1,46,44,68,-1,68,44,42,-1,68,42,69,-1,69,42,40,-1,69,40,70,-1,70,40,38,-1,70,38,71,-1,71,38,36,-1,71,36,72,-1,72,36,32,-1,72,32,73,-1,73,32,34,-1,73,34,74,-1,74,34,66,-1,74,66,75,-1,75,66,64,-1,75,64,76,-1,76,64,62,-1,76,62,77,-1,77,62,60,-1,77,60,78,-1,78,60,58,-1,78,58,79,-1,79,58,56,-1,79,56,80,-1,80,56,54,-1,80,54,81,-1,81,54,52,-1,81,52,82,-1,82,52,50,-1,82,50,83,-1,83,50,48,-1,83,48,84,-1,84,48,46,-1,84,46,68,-1,75,85,74,-1,74,85,86,-1,85,75,76,-1,85,76,87,-1,87,76,77,-1,87,77,88,-1,88,77,78,-1,88,78,89,-1,89,78,79,-1,89,79,90,-1,90,79,80,-1,90,80,91,-1,91,80,81,-1,91,81,92,-1,92,81,82,-1,92,82,93,-1,93,82,83,-1,93,83,94,-1,94,83,84,-1,94,84,95,-1,95,84,68,-1,95,68,96,-1,96,68,69,-1,96,69,97,-1,97,69,70,-1,97,70,98,-1,98,70,71,-1,98,71,99,-1,99,71,72,-1,99,72,100,-1,73,101,72,-1,72,101,100,-1,86,101,74,-1,74,101,73,-1,102,103,104,-1,104,103,105,-1,106,107,102,-1,102,107,103,-1,108,109,106,-1,106,109,107,-1,110,111,108,-1,108,111,109,-1,112,113,110,-1,110,113,111,-1,114,115,112,-1,112,115,113,-1,116,117,114,-1,114,117,115,-1,118,119,116,-1,116,119,117,-1,120,121,118,-1,118,121,119,-1,122,123,120,-1,120,123,121,-1,124,125,122,-1,122,125,123,-1,124,104,125,-1,125,104,105,-1,104,124,122,-1,122,120,104,-1,104,120,118,-1,104,118,102,-1,108,106,110,-1,110,106,102,-1,110,102,112,-1,112,102,118,-1,112,118,114,-1,114,118,116,-1,126,127,128,-1,126,128,129,-1,128,130,129,-1,129,130,131,-1,129,131,132,-1,132,131,133,-1,132,133,134,-1,134,133,135,-1,134,135,136,-1,136,135,137,-1,136,137,138,-1,138,137,139,-1,138,139,140,-1,140,139,141,-1,140,141,142,-1,142,141,143,-1,142,143,144,-1,144,143,145,-1,144,145,146,-1,146,145,147,-1,146,147,148,-1,148,147,149,-1,148,149,150,-1,150,149,151,-1,150,151,152,-1,152,151,153,-1,152,153,154,-1,154,153,155,-1,154,155,156,-1,156,155,157,-1,156,157,158,-1,158,157,159,-1,158,159,160,-1,161,162,159,-1,159,162,160,-1,162,161,163,-1,162,163,164,-1,164,163,165,-1,164,165,166,-1,166,165,167,-1,166,167,168,-1,168,167,169,-1,168,169,170,-1,170,169,171,-1,170,171,172,-1,172,171,173,-1,172,173,174,-1,174,173,175,-1,174,175,176,-1,176,175,177,-1,176,177,178,-1,178,177,179,-1,178,179,180,-1,180,179,181,-1,180,181,182,-1,182,181,183,-1,182,183,184,-1,184,183,185,-1,184,185,186,-1,186,185,187,-1,186,187,188,-1,188,187,189,-1,188,189,190,-1,190,189,191,-1,190,191,192,-1,192,191,193,-1,192,193,194,-1,194,193,195,-1,194,195,196,-1,196,195,197,-1,196,197,198,-1,198,197,199,-1,198,199,200,-1,201,202,199,-1,199,202,200,-1,203,202,204,-1,204,202,201,-1,203,204,205,-1,205,204,206,-1,205,206,207,-1,207,206,128,-1,207,128,127,-1,191,128,193,-1,193,128,206,-1,193,206,195,-1,195,206,204,-1,195,204,197,-1,197,204,201,-1,197,201,199,-1,161,159,163,-1,163,159,157,-1,163,157,165,-1,165,157,155,-1,165,155,167,-1,167,155,153,-1,167,153,169,-1,169,153,151,-1,169,151,171,-1,171,151,149,-1,171,149,173,-1,173,149,147,-1,173,147,175,-1,175,147,145,-1,175,145,177,-1,177,145,143,-1,177,143,179,-1,179,143,141,-1,179,141,181,-1,181,141,139,-1,181,139,183,-1,183,139,137,-1,183,137,185,-1,185,137,135,-1,185,135,187,-1,187,135,133,-1,187,133,189,-1,189,133,131,-1,189,131,191,-1,191,131,130,-1,191,130,128,-1,208,209,210,-1,210,209,211,-1,212,213,208,-1,208,213,209,-1,214,215,212,-1,212,215,213,-1,216,217,214,-1,214,217,215,-1,218,219,216,-1,216,219,217,-1,218,210,219,-1,219,210,211,-1,212,208,214,-1,214,208,210,-1,214,210,216,-1,216,210,218,-1,
        ]
    }
}
Shape{
    appearance Appearance {
        material  Material 	{
            diffuseColor 0.7529411764705882 0.7529411764705882 0.7529411764705882
            specularColor 0.3764705882352941 0.3764705882352941 0.3764705882352941
            ambientIntensity 0.7529
            transparency 0.0
            shininess 0.5
        }
    }
    geometry IndexedFaceSet {
        ccw TRUE
        solid FALSE
        coord DEF co Coordinate {
            point [
                -0.3354 -0.0274 0.0, -0.4013 -0.0274 0.0, -0.3648 0.0548 0.0, -0.3716 0.0548 0.0, -0.3667 0.0617 0.0, -0.3699 0.0617 0.0, -0.3679 0.0686 0.0, -0.3686 0.0686 0.0, -0.1347 0.071 0.0, -0.1347 -0.0826 0.0, -0.1638 0.071 0.0, -0.1627 -0.0826 0.0, -0.1835 -0.0807 0.0, -0.2404 -0.0039 0.0, -0.2387 0.0157 0.0, -0.2341 0.0313 0.0, -0.1871 0.0686 0.0, -0.2 -0.0755 0.0, -0.2134 -0.0675 0.0, -0.2245 -0.0566 0.0, -0.2328 -0.043 0.0, -0.2386 -0.0245 0.0, -0.2273 0.0434 0.0, -0.2177 0.0536 0.0, -0.2033 0.0629 0.0
            ]
        }
        coordIndex [
            0,1,2,-1,2,1,3,-1,2,3,4,-1,4,3,5,-1,4,5,6,-1,6,5,7,-1,8,9,10,-1,10,9,11,-1,10,11,12,-1,13,14,10,-1,10,14,15,-1,10,15,16,-1,12,17,10,-1,10,17,18,-1,10,18,19,-1,19,20,10,-1,10,20,21,-1,10,21,13,-1,22,23,15,-1,15,23,24,-1,15,24,16,-1,
        ]
    }
}